style,image_filename
abstrakter-expressionismus,29c-1964.jpg
abstrakter-expressionismus,abstract-composition-1958.png
abstrakter-expressionismus,abstract-painting-610-1.jpg
abstrakter-expressionismus,abstract-painting-no-439.jpg
abstrakter-expressionismus,africa-9-1970.jpg
abstrakter-expressionismus,art-car-1975.jpg
abstrakter-expressionismus,ascending-i-1958.jpg
abstrakter-expressionismus,auto-1982.jpg
abstrakter-expressionismus,baid-1970.jpg
abstrakter-expressionismus,bather-in-the-reeds-1952.jpg
abstrakter-expressionismus,big-red-1953.jpg
abstrakter-expressionismus,black-and-white-diptych-1989.jpg
abstrakter-expressionismus,black-whims-with-yellow-1966.jpg
abstrakter-expressionismus,blue-balls-viii-1962.jpg
abstrakter-expressionismus,blue-nudes.jpg
abstrakter-expressionismus,blue-red-black-and-white-1961.jpg
abstrakter-expressionismus,brazilian-merganser.jpg
abstrakter-expressionismus,cap-d-ail-1961.jpg
abstrakter-expressionismus,capri-1988.jpg
abstrakter-expressionismus,clock.jpg
abstrakter-expressionismus,composition-16-1954-1956.jpg
abstrakter-expressionismus,composition-with-black-stain-1981.jpg
abstrakter-expressionismus,cronus-young-1968.jpg
abstrakter-expressionismus,cut-outs-1.jpg
abstrakter-expressionismus,dc30110d-dc5a-40cd-9345-d49e74059b13.jpg
abstrakter-expressionismus,dip01992cd00000p000-1000-1-300.jpg
abstrakter-expressionismus,drummer-solo-1959-1.png
abstrakter-expressionismus,easter-monday.jpg
abstrakter-expressionismus,ecce-virgo-concipiet-isaiah-7-14-1967.jpg
abstrakter-expressionismus,faciamus-hominem-genesis-1-26-1964.jpg
abstrakter-expressionismus,ferro-1982.jpg
abstrakter-expressionismus,fireworks-i-1974.jpg
abstrakter-expressionismus,first-stone-1962.jpg
abstrakter-expressionismus,from-the-edge-of-darkness-1992.jpg
abstrakter-expressionismus,gaea-1966.jpg
abstrakter-expressionismus,generosity-is-giving-more-than-you-can.jpg
abstrakter-expressionismus,gil-nicolescu-coexistenta-spatiilor-contradictorii-ii-1971-jpg-large.jpg
abstrakter-expressionismus,gloria-vultus-moysi-exodus-34-29-1964.jpg
abstrakter-expressionismus,gold-stone-1969.jpg
abstrakter-expressionismus,goliath-1960.jpg
abstrakter-expressionismus,harbor-scene-1955.jpg
abstrakter-expressionismus,harmony-of-opposites-1986.jpg
abstrakter-expressionismus,homage-to-franz-kafka-1976.jpg
abstrakter-expressionismus,home-of-the-sun-1957.jpg
abstrakter-expressionismus,hope-of-a-condemned-man-iii-1974.jpg
abstrakter-expressionismus,house-at-szentendre-1948.jpg
abstrakter-expressionismus,i-cant-pretend-1990-oil-on-canvas-60x48in.jpg
abstrakter-expressionismus,image-no-9-1969.jpg
abstrakter-expressionismus,india-temples-no-2-sri-ranganathaswamy-temple-tiruchirapalli-1954.jpg
abstrakter-expressionismus,indian-yellow-1975.jpg
abstrakter-expressionismus,interior-day-1974.jpg
abstrakter-expressionismus,jazz-book-1947.jpg
abstrakter-expressionismus,la-primavera-fredda-cold-spring-1988.jpg
abstrakter-expressionismus,ladder-1968.jpg
abstrakter-expressionismus,landscape.jpg
abstrakter-expressionismus,lberg-1986.jpg
abstrakter-expressionismus,merritt-parkway-1959.jpg
abstrakter-expressionismus,minnesota-1980.jpg
abstrakter-expressionismus,movement-east-to-west-1956.jpg
abstrakter-expressionismus,new-york-city-w-1-1947.jpg
abstrakter-expressionismus,night-of-the-res-wind-1978.jpg
abstrakter-expressionismus,not-identified-1.jpg
abstrakter-expressionismus,not_detected_235688.jpg
abstrakter-expressionismus,not_detected_242116.jpg
abstrakter-expressionismus,number-6-rumpelmayer-1948.jpg
abstrakter-expressionismus,ohne-titel-1977.jpg
abstrakter-expressionismus,passage.jpg
abstrakter-expressionismus,piano-1963.jpg
abstrakter-expressionismus,pink-lady.jpg
abstrakter-expressionismus,plan-for-the-white-city-1950.jpg
abstrakter-expressionismus,prison-dream-1961.jpg
abstrakter-expressionismus,quand-1969.jpg
abstrakter-expressionismus,rd1092pub.jpg
abstrakter-expressionismus,rd1095pub.jpg
abstrakter-expressionismus,rd1220pub.jpg
abstrakter-expressionismus,red-1988-54x67-5in-1.jpg
abstrakter-expressionismus,red-line-1952.jpg
abstrakter-expressionismus,rising-green-1972.jpg
abstrakter-expressionismus,rythme-rompu-1972.jpg
abstrakter-expressionismus,screen-shot-2020-05-12-at-4-29-01-pm.png
abstrakter-expressionismus,screenshot.jpg
abstrakter-expressionismus,sentinell-iii-a-1965.jpg
abstrakter-expressionismus,senza-titolo-iii-1987.jpg
abstrakter-expressionismus,serpentine-saffron-1969.jpg
abstrakter-expressionismus,sky-tree-1977.jpg
abstrakter-expressionismus,squares-1972.jpg
abstrakter-expressionismus,stained-glass-window-1963.jpg
abstrakter-expressionismus,stillness-1956.jpg
abstrakter-expressionismus,subtile-souvenir.jpg
abstrakter-expressionismus,sun-over-the-hour-glass.jpg
abstrakter-expressionismus,take-that-back-black-282-1984.jpg
abstrakter-expressionismus,the-a-train-1967.jpg
abstrakter-expressionismus,the-air-1937.jpg
abstrakter-expressionismus,the-awakening-night-1974.jpg
abstrakter-expressionismus,the-beach-at-night-1962.jpg
abstrakter-expressionismus,the-circle-1968-72in-diameter-1.jpg
abstrakter-expressionismus,the-gate-1960.jpg
abstrakter-expressionismus,the-hour-taboo.jpg
abstrakter-expressionismus,the-intrigue-1958.jpg
abstrakter-expressionismus,the-moon-woman-cuts-the-circle-1943.jpg
abstrakter-expressionismus,the-visit.jpg
abstrakter-expressionismus,the-wise-man-s-home-is-the-universe.jpg
abstrakter-expressionismus,third-stone-1963.jpg
abstrakter-expressionismus,tondo-1973.jpg
abstrakter-expressionismus,totem-lesson-2-1945(1).jpg
abstrakter-expressionismus,turning-point-1983.jpg
abstrakter-expressionismus,untitled-028-1981.jpg
abstrakter-expressionismus,untitled-040-1986.jpg
abstrakter-expressionismus,untitled-1941(3).jpg
abstrakter-expressionismus,untitled-1943.jpg
abstrakter-expressionismus,untitled-1946.jpg
abstrakter-expressionismus,untitled-1954.jpg
abstrakter-expressionismus,untitled-1956.jpg
abstrakter-expressionismus,untitled-1958(1).jpg
abstrakter-expressionismus,untitled-1960-2.png
abstrakter-expressionismus,untitled-1960.jpg
abstrakter-expressionismus,untitled-1963.jpg
abstrakter-expressionismus,untitled-1967(3).jpg
abstrakter-expressionismus,untitled-1967.jpg
abstrakter-expressionismus,untitled-1968.jpg
abstrakter-expressionismus,untitled-1969.jpg
abstrakter-expressionismus,untitled-1971.jpg
abstrakter-expressionismus,untitled-1980.jpg
abstrakter-expressionismus,untitled-1981.jpg
abstrakter-expressionismus,untitled-1988.jpg
abstrakter-expressionismus,untitled-9.jpg
abstrakter-expressionismus,untitled-abstract-composition-1968.jpg
abstrakter-expressionismus,untitled-abstraction(1).jpg
abstrakter-expressionismus,untitled-composition-1951.jpg
abstrakter-expressionismus,untitled-d11-1949.jpg
abstrakter-expressionismus,untitled-floral-abstraction-1970.jpg
abstrakter-expressionismus,untitled-jewelry-series-1976.jpg
abstrakter-expressionismus,untitled-l-i48-sfe-015-1984.jpg
abstrakter-expressionismus,untitled-sf72-027-1972.jpg
abstrakter-expressionismus,untitled.jpg
abstrakter-expressionismus,usuyuki-ulae-211.jpg
abstrakter-expressionismus,venus-1980.jpg
abstrakter-expressionismus,vera-cruz-96-1973.jpg
abstrakter-expressionismus,waiting-for-1990.jpg
abstrakter-expressionismus,wandering-breath-1968.jpg
abstrakter-expressionismus,waves-1953.jpg
abstrakter-expressionismus,woman-4.jpg
abstrakter-expressionismus,x-l-31-62-1962.jpg
abstrakter-expressionismus,zittende-vrouw-1965.jpg
barock,1-the-destiny-of-marie-de-medici.jpg
barock,1-the-judgement-of-paris-peter-paul-rubens.jpg
barock,1-vertumnus-and-pomona-anthony-van-dyck.jpg
barock,11-the-death-of-henry-iv-and-the-proclamation-of-the-regency.jpg
barock,2-catherine-howard-lady-daubigny-anthony-van-dyck.jpg
barock,2-landscape-with-a-rainbow-peter-paul-rubens.jpg
barock,4-landscape-with-two-oaks-jan-van-goyen-1.jpg
barock,4-rubens-his-wife-helena-fourment-and-their-son-frans-peter-paul-rubens.jpg
barock,41249919751-72924b9ebf-o.jpg
barock,426c220a9e4fca9371c2eb38eab65438.jpg
barock,62258a1232e31644e91cdac6fa0eeec1.jpg
barock,831px-self-portrait-as-a-young-man-by-rembrandt.jpg
barock,a-cavalier-at-his-dressing-table.jpg
barock,a-man-playing-a-lute-hendrick-ter-brugghen.jpg
barock,a-ragged-peasant-with-his-hands-behind-him-1635.jpg
barock,a-study-for-the-great-jewish-bride.jpg
barock,abraham-offers-tithes-to-priest-king-melchizedek-of-salem-peter-paul-rubens.jpg
barock,adam-elsheimer-der-heilige-hieronymus-in-der-wildnis-1.jpg
barock,adam-elsheimer-der-heilige-laurentius.jpg
barock,adoration-of-the-magi-1629.jpg
barock,aeneas-and-anchises-1619(3).jpg
barock,alexander-the-great-before-the-tomb-of-achilles-1630.jpg
barock,allegory-on-emperor-charles-as-ruler-of-vast-realms.jpg
barock,an-old-man-with-a-beard-fur-cap-and-a-velvet-cloak-1632.jpg
barock,an-old-woman-by-window.jpg
barock,ananias-restoring-the-sight-of-saint-paul.jpg
barock,angel-announcing-the-resurrection-of-christ-to-the-three-marys-1609.jpg
barock,apostle-paul-1635.jpg
barock,artist-in-his-studio-1633.jpg
barock,beggar-in-a-high-cap-standing-1629.jpg
barock,bull.jpg
barock,bust-of-a-young-woman-1632.jpg
barock,bust-of-an-old-man-in-a-fur-cap.jpg
barock,c0ba240c2b8286fc7332f28610a29264.jpg
barock,charles-v-and-the-empress-isabella.jpg
barock,christ-embracing-saint-bernard-francisco-ribalta.jpg
barock,cupid-riding-a-dolphin.jpg
barock,cutting-pork-carcass.jpg
barock,d76-pw-xkaae03m.jpg
barock,descent-from-the-cross-1614.jpg
barock,descent-from-the-cross-1617-oil-on-canvas-peter-paul-rubens.jpg
barock,diana-cazadora.jpg
barock,diogenes-searching-for-an-honest-man.jpg
barock,dirck-van-baburen-eleusinian-mysteries.jpg
barock,display-image-8.jpg
barock,don-gaspde-guzman-count-of-olivares-and-duke-of-san-lucla-mayor.jpg
barock,elegant-company-dining-in-the-open-air-1615.jpg
barock,francisco-ribalta-madonna-and-child-with-music-making-angels-les-classics.jpg
barock,frans-francken-ii-the-story-of-the-prodigal-son-1600-1620.jpg
barock,gerard-van-honthorst-lute-player-wga11666.jpg
barock,gerrit-van-hontohorst-ritratto-di-federico-hendrick-1631.jpg
barock,giulio-cesare-procaccini-1574-1625-dead-christ-with-angels-eu0729-national-galleries-of-scotland.jpg
barock,giulio-cesare-procaccini-1574-1625-the-raising-of-the-cross-ng-2276-national-galleries-of-scotland-1.jpg
barock,giulio-cesare-procaccini-adorazione-dei-magi-1625.JPG
barock,giulio-cesare-procaccini-beweinung-christi-gg-289-kunsthistorisches-museum-1.jpg
barock,giulio-cesare-procaccini-la-pace-scaccia-la-guerra-1620-ca.JPG
barock,guido-reni-dejanire-enlevee-par-le-centaure.jpg
barock,head-of-an-old-woman.jpg
barock,helena-fourment-in-a-fur-wrap-rubens.jpg
barock,hendrick-avercamp-the-pleasures-of-winter-1.jpg
barock,hendrick-goltzius-diana-scopre-la-gravidanza-di-callisto-1599.jpg
barock,hercules-fighting-with-the-nemean-lion-1634.jpg
barock,image-2022-01-09-153149.png
barock,interior-of-a-tavern.jpg
barock,jan-brueghel-i-studies-of-animals-donkeys-cats-and-monkeys-1.jpg
barock,jan-brueghel-krans-van-vruchten-en-bloemen-rond-een-allegorie-op-de-landbouwfxd.jpg
barock,jan-brueghel-the-elder-amp-hendrik-van-balen-allegory-of-earth-1611.jpg
barock,juan-van-der-hamen-y-le-n-der-reum-tige-heilige-peter.jpg
barock,landscape-with-a-marsh-1595.jpg
barock,landscape-with-city-on-a-river-1629.jpg
barock,last-supper.jpg
barock,madonna-and-child-1638.jpg
barock,maerten-de-vos-the-baptism-of-christ-1.jpg
barock,man-sharpening-a-quill-1632.jpg
barock,marie-de-medici-queen-of-france.jpg
barock,mars-and-venus.jpg
barock,medusarubens.jpg
barock,mercury-and-argus-1638.jpg
barock,mercury-and-argus-peter-paul-rubens-and-workshop.jpg
barock,militia-in-the-dunes-in-ambush.jpg
barock,minerva-slaying-discord-peter-paul-rubens.jpg
barock,nicolas-rubens-1.jpg
barock,not_detected_232245.jpg
barock,old-woman-1618.jpg
barock,pan-and-syrinx.jpg
barock,path-along-a-lighthouse-on-the-beach.jpg
barock,peace-negotiations-between-claudius-civilis-and-roman-captain-cerealis.jpg
barock,portrait-of-a-lady-half-length-said-to-be-a-genoese-anthony-van-dyck.jpg
barock,portrait-of-a-man-6.jpg
barock,portrait-of-a-woman.jpg
barock,portrait-of-elisabeth-mertens-and-her-late-husband.jpg
barock,portrait-of-nicolas-trigault-in-chinese-costume-peter-paul-rubens.jpg
barock,putti-a-ceiling-decoration-peter-paul-rubens.jpg
barock,rape-of-proserpine-1622(3).jpg
barock,ribalta-virgen-de-portacoeli-1.jpg
barock,saint-elizabeth-of-hungary-bringing-food-for-the-inmates-of-wellcome-v0017200.jpg
barock,saint-jerome-writing-caravaggio-1605-6.jpg
barock,saint-margaret-dressed-as-a-shepherdess.jpg
barock,san-joaqu-n-y-santa-ana-1600.jpg
barock,san-juan-bautista-de-francisco-ribalta-museo-de-bellas-artes-de-valencia.jpg
barock,saskia-with-a-red-flower-1641.jpg
barock,self-portrait-3.jpg
barock,self-portrait-in-a-gorget.jpg
barock,self-portrait-with-saskia-in-the-parable-of-the-prodigal-son.jpg
barock,smallholders-playing-cards.jpg
barock,son-nicolas-with-a-red-cap-1627.jpg
barock,st-catherine-from-the-episode-holy-women-1578.jpg
barock,st-cecilia-1640.jpg
barock,st-joseph-the-carpenter.jpg
barock,st-lucia-from-the-episode-holy-women-1578.jpg
barock,still-life-of-a-roast-chicken-a-ham-and-olives-on-pewter-plates-with-a-bread-roll-an-orange.jpg
barock,still-life-with-a-turkey-pie-1627.jpg
barock,still-life-with-artichokes-1610.jpg
barock,still-life-with-cherries-and-strawberries-in-china-bowls-1608.jpg
barock,still-life-with-dead-game-fruits-and-vegetables-in-a-market.jpg
barock,still-life-with-silver-brandy-bowl-wine-glass-herring-and-bread-1642.jpg
barock,study-for-the-age-of-silver-1.jpg
barock,study-of-two-heads-peter-paul-rubens.jpg
barock,table-with-orange-olives-and-pie-1611.jpg
barock,th.jpg
barock,the-adoration-of-the-magi.jpg
barock,the-bacchanal-of-the-andrians-peter-paul-rubens.jpg
barock,the-beheading-of-john-the-baptist-1640.jpg
barock,the-bird-s-concert.jpg
barock,the-calydonian-boar-hunt-1611-1612-peter-paul-rubens.jpg
barock,the-concert.jpg
barock,the-coral-fishers-1622.jpg
barock,the-country-excursion-of-isabel-clara-eugenia-jan-brueghel-the-elder-and-joos-de-momper-the-younger.jpg
barock,the-death-of-hercules-1634.jpg
barock,the-drunken-silenus.jpg
barock,the-ecstasy-of-st-teresa(1).jpg
barock,the-hermit-and-the-sleeping-angelica-peter-paul-rubens.jpg
barock,the-king-drinks-1640.jpg
barock,the-king-drinks-detail.jpg
barock,the-marriage-of-peleus-and-thetis-jan-brueghel-the-elder.jpg
barock,the-mill-1641.jpg
barock,the-pancake-baker.jpg
barock,the-pantry.jpg
barock,the-penitent-magdalen-in-a-landscape.jpg
barock,the-raising-of-lazarus-1630.jpg
barock,the-rape-of-ganymede-rubens.jpg
barock,the-resurrection-of-lazurus-a-small-plate-1642.jpg
barock,the-samaritan-woman-at-the-well.jpg
barock,the-skater-1639.jpg
barock,the-suicide-of-lucretia-1640.jpg
barock,the-three-graces.jpg
barock,the-trinity-oil-on-panel-peter-paul-rubens.jpg
barock,un-fil-sofo.jpg
barock,vision-of-ezekiel-1608.jpg
barock,what-won-t-people-do-for-money.jpg
expressionismus,87152-feslidortadam-1599138917131.jpg
expressionismus,alaston-1911.jpg
expressionismus,almaisa-1916.jpg
expressionismus,arabian-coffee-house-1913.jpg
expressionismus,arthur-lismer-sketch-for-minesweepers-and-seaplanes.jpg
expressionismus,astonishment-1919.jpg
expressionismus,autumn-tree-with-fuchsias-1909.jpg
expressionismus,b37-2.jpg
expressionismus,backstage-at-the-casino-de-paris.jpg
expressionismus,bailly-self-portrait-1.jpg
expressionismus,beatrice-hastings-1914.jpg
expressionismus,berlin-street-scene-1914.jpg
expressionismus,blue-fan-dancer-1916.jpg
expressionismus,boerderijen-onder-de-sneeuw.jpg
expressionismus,boy-with-hand-to-face-1910.jpg
expressionismus,bullfight-in-sevilla-1910-1.jpg
expressionismus,bullfight-in-sevilla-1910.jpg
expressionismus,burial-in-the-carpathian-mountains-1917.jpg
expressionismus,carl-vilhelm-hols-e-www-kaifineart-com-3-2.jpg
expressionismus,caryatid-1911.jpg
expressionismus,caryatid-3.jpg
expressionismus,circus-girl-1916.jpg
expressionismus,clown-horse-salamandra-1912.jpg
expressionismus,cottage-in-the-woods-1903.jpg
expressionismus,couple.jpg
expressionismus,crinolines-1909.jpg
expressionismus,der-violette-turban-1911.jpg
expressionismus,display-image-20-1.jpg
expressionismus,e9osl3dbnhm.jpg
expressionismus,elder-with-seven-stars.jpg
expressionismus,erna-japanschirm.jpg
expressionismus,evening-on-karl-johan-street-1892.jpg
expressionismus,fairy-animals-1913.jpg
expressionismus,falk-rr-dvorik-v-krimu-1916.jpg
expressionismus,figure-with-flowers-1915.jpg
expressionismus,flowers-1910.jpg
expressionismus,from-the-life-in-petrograd-in-1920-courtyard-of-the-house-of-arts-1920(1).jpg
expressionismus,girl-in-the-greenery.jpg
expressionismus,girl-with-a-polka-dot-blouse-1919.jpg
expressionismus,gl-serner-tag-1913-1.jpg
expressionismus,hanka-zborowska-1919.jpg
expressionismus,harbor-scene-1915.jpg
expressionismus,head-of-a-peasant-woman.jpg
expressionismus,head-of-a-tramp-1896.jpg
expressionismus,head-of-red-haired-woman-1915.jpg
expressionismus,history-1916.jpg
expressionismus,house-of-bullfighting-amateur-1910.jpg
expressionismus,imereti-red-road-1918(1).jpg
expressionismus,in-the-tavern-1899.jpg
expressionismus,jealousy-from-the-series-the-green-room-1907.jpg
expressionismus,josef-apek-chud-ena-1917.jpg
expressionismus,josef-apek-mu-s-bolavou-rukou-1919.jpg
expressionismus,kiss-1897.jpg
expressionismus,landscape-1918.jpg
expressionismus,landscape-near-hammamet.jpg
expressionismus,le-grand-nu-the-great-nude-1917.jpg
expressionismus,lemmink-inen-s-mother-1897.jpg
expressionismus,lovers.jpg
expressionismus,madame-schiele-1917.jpg
expressionismus,magnus-enckell-taiteilijan-huvila-kilossa-1921-1.jpg
expressionismus,man-with-flower-1918.jpg
expressionismus,man-with-hat.jpg
expressionismus,masks-mocking-death-1888.jpg
expressionismus,maternit-after-picasso-1901.jpg
expressionismus,melancholy-woman.jpg
expressionismus,monsier-deleu-1916.jpg
expressionismus,moscow-i-1916.jpg
expressionismus,mother-and-child-1914.jpg
expressionismus,not-detected-259569.jpg
expressionismus,not_detected_235964.jpg
expressionismus,nude-i-1913.jpg
expressionismus,on-the-stretcher-wounded-soldier-1914.jpg
expressionismus,otto-mueller-knabe-vor-zwei-stehenden-und-einem-sitzenden-m-dchen-ca1918.jpeg
expressionismus,otto-mueller-t-nzerin-maschka-tanzend-ca1903.jpeg
expressionismus,otto-mueller-t-nzerin-mit-schleier-von-einem-mann-beobachtet-ca1903.jpeg
expressionismus,our-father-who-art-in-heaven-1921.jpg
expressionismus,paris-nude-1896.jpg
expressionismus,persia-1913.jpg
expressionismus,poldi-lodzinsky-1910.jpg
expressionismus,popular-song-bird-and-brazil-1916.jpg
expressionismus,portrait-de-paul-alexanders-1913.jpg
expressionismus,portrait-of-a-man-with-hat-jose-pacheco.jpg
expressionismus,portrait-of-a-woman-1922.jpg
expressionismus,portrait-of-anna-zborowska-1917.jpg
expressionismus,portrait-of-armand-salacrou.jpg
expressionismus,portrait-of-jeanne-hebuterne-1918.jpg
expressionismus,portrait-of-lotte-franzos-1909.jpg
expressionismus,portrait-of-madame-survage-1918.jpg
expressionismus,portrait-of-moise-kisling-1916.jpg
expressionismus,portrait-of-mother-maria-gerstl-unfinished-1908.jpg
expressionismus,portrait-of-yvonne-duchamp-1901.jpg
expressionismus,quartet-poster-1915.jpg
expressionismus,rain-1902.jpg
expressionismus,resting-horses-1912.jpg
expressionismus,robert-falk-s-staraya-ruza.jpg
expressionismus,roma-from-figueres.jpg
expressionismus,rose-caryatid-audace-1913.jpg
expressionismus,ruins-of-the-jupiter-temple-in-athens-1904.jpg
expressionismus,sailboats-at-fehmarn.jpg
expressionismus,santa-creus-festival-in-figueras-the-circus.jpg
expressionismus,satire-to-the-blue-rider.jpg
expressionismus,schwangeres-weib.jpg
expressionismus,screen-shot-2022-12-10-at-10-21-08-pm-1.png
expressionismus,seated-female-nude-1916.jpg
expressionismus,seated-nude-1918.jpg
expressionismus,selbstbildnis-1907-8.jpg
expressionismus,self-portrait-1906.jpg
expressionismus,self-portrait-1919.jpg
expressionismus,self-portrait-in-a-jerkin-with-right-elbow-raised-1914.jpg
expressionismus,self-portrait-with-raised-bare-shoulder-1912.jpg
expressionismus,self-portrait-with-skeleton-1896.jpg
expressionismus,serving-woman-also-known-as-la-fantesca-1915.jpg
expressionismus,sienna-the-urban-landscape-1912.jpg
expressionismus,slaughter-1905.jpg
expressionismus,snow-falling-in-the-lane-1906.jpg
expressionismus,sorrows-heads-1914.jpg
expressionismus,spitalskirche-molding-1918.jpg
expressionismus,spring-plowing-1916.jpg
expressionismus,stanis-aw-wyspia-ski-dziewczynka-w-ludowym-stroju.jpg
expressionismus,stillleben-mit-madonna-1911.jpg
expressionismus,street-in-cairo-1911.jpg
expressionismus,the-artist-s-wife-seated-1918.jpg
expressionismus,the-audit-1913.jpg
expressionismus,the-book-1911.jpg
expressionismus,the-cellist-serevitsch.jpg
expressionismus,the-doctor-1916.jpg
expressionismus,the-eastern-railway-station-at-night-1902.jpg
expressionismus,the-good-samaritan-1907.jpg
expressionismus,the-kin-der-kids-japansky-surprises-the-governor-general-who-condemns-him-to-death-1906.jpg
expressionismus,the-painting-lesson-1919.jpg
expressionismus,the-railway-overpass.jpg
expressionismus,the-three-pierrots-no-2-1911.jpg
expressionismus,the-tribute-money-1915.jpg
expressionismus,thora-klinckowstrom-1919.jpg
expressionismus,trees-in-blossom-1910.jpg
expressionismus,two-gypsy-lads-1921.jpg
expressionismus,two-heads-1918.jpg
expressionismus,two-women-1912.jpg
expressionismus,under-the-trees-1907.jpg
expressionismus,untitled-the-notebooks-idealistic.jpg
expressionismus,vassily-kandinsky-light-picture.jpg
expressionismus,vaudeville-dancers-1918.jpg
expressionismus,white-cat-i.jpg
expressionismus,wild-orchids-1920.jpg
expressionismus,winter-kragero-1912.jpg
expressionismus,woman-in-park.jpg
expressionismus,woman-with-comb-1906.jpg
expressionismus,woman-with-oriental-dress-1919.jpg
expressionismus,young-girl-in-beret-1918.jpg
fruhrenaissance,1480-gentile-bellini-portrait-of-doge-giovanni-mocenigo-tempera-on-canvas-museo-correr-venice-before.jpg
fruhrenaissance,4-lo-scheggia-trionfo-dell-amore-xv-c-museo-di-palazzo-davanzati-firenze.jpg
fruhrenaissance,59c8d4c345d2a027e83cb812.jpg
fruhrenaissance,adoration-of-the-magi-detail-2.jpg
fruhrenaissance,ambrogio-bergognone-c-1460-1523-the-crucifixion-with-the-virgin-saint-john-and-mary-magdalen-1960p57.jpg
fruhrenaissance,ambrogio-bergognone-the-virgin-and-child.jpg
fruhrenaissance,andrea-del-verrocchio-workshop-madonna-and-child-c1475.jpg
fruhrenaissance,angel-appearing-to-zacharias-1490.jpg
fruhrenaissance,angels-pity.jpg
fruhrenaissance,annunciation-1469.jpg
fruhrenaissance,annunciation-1481(1).jpg
fruhrenaissance,annunciation-cestello-detail-1490(1).jpg
fruhrenaissance,annunciation-right-wing-1430.jpg
fruhrenaissance,antoniazzo-romano-frammento-con-cristo-benedicente-01.jpg
fruhrenaissance,antoniazzo-romano-madonna-and-child-2015-nyr-03747-0065.jpg
fruhrenaissance,antoniazzo-romano-madonna-and-child-with-two-cherubim-c-1475-80-1.jpg
fruhrenaissance,antoniazzo-romano-madonna-col-bambino-tra-i-santi-francesco-e-antonio-1467.jpg
fruhrenaissance,antoniazzo-romano-navicella.jpg
fruhrenaissance,antoniazzo-romano-storie-della-vera-croce-1492-ca-09.jpg
fruhrenaissance,antoniazzo-romano-the-virgin-invoking-god-to-heal-the-hand-of-pope-leo-i-c-1475-1.png
fruhrenaissance,archangel-gabriel.jpg
fruhrenaissance,bellini-doge-nicol-marcello.jpg
fruhrenaissance,bergognone-madonna-tra-i-ss-giacomo-ed-enrico-01.jpg
fruhrenaissance,bird-on-a-branch-1485.jpg
fruhrenaissance,birth-and-naming-st-john-detail-1465.jpg
fruhrenaissance,blessing-of-the-faithful-at-hippo-1465.jpg
fruhrenaissance,borgognone-madonna-met-kind-1.jpg
fruhrenaissance,bust-of-a-young-warrior-1460.jpg
fruhrenaissance,cappella-dei-pazzi-santa-croce-florence.jpg
fruhrenaissance,cathedral-of-sansepolcro-internal.jpg
fruhrenaissance,confirmation-of-the-carmelite-rule-1.jpg
fruhrenaissance,coronation-of-the-virgin-1.jpg
fruhrenaissance,coronation-of-the-virgin-1435.jpg
fruhrenaissance,coronation-of-the-virgin-1469.jpg
fruhrenaissance,coronation-of-the-virgin-detail-1435-1.jpg
fruhrenaissance,crusifixion-1455.jpg
fruhrenaissance,death-of-st-monica-1465.jpg
fruhrenaissance,death-of-the-virgin-1434.jpg
fruhrenaissance,desiderio-da-settignano-madonna-col-bambino-entro-cornice-in-terracotta-invetriata-del-1513-02.jpg
fruhrenaissance,design-for-a-flying-machine-1488.jpg
fruhrenaissance,elderly-woman-1490.jpg
fruhrenaissance,enthroned-madonna-saint-jerome-and-st-sebastian-1490.jpg
fruhrenaissance,eve.jpg
fruhrenaissance,filippino-lippi-apostle-and-youth-google-art-project.jpg
fruhrenaissance,fortitude(1).jpg
fruhrenaissance,four-allegories-fortune-or-melancholy.jpg
fruhrenaissance,francesco-botticini-e-antonio-rossellino-tabernacolo-di-s-sebastiano-1475-80-ca-da-collegiata-07.JPG
fruhrenaissance,francesco-botticini-johannes-de-doper.jpg
fruhrenaissance,francesco-botticini-la-virgen-y-el-ni-o-en-un-paisaje-con-san-juan-bautista-ni-o-c-1487.jpg
fruhrenaissance,francesco-del-cossa-griffoni-polyptych-saint-florian-detail-wga05386.jpg
fruhrenaissance,francesco-del-cossa-ritratto-di-fanciullo-nga.jpg
fruhrenaissance,giovanni-di-ser-giovanni-guidi-called-scheggia-king-brennus-of-gaul-captures-the-city-of-rome-marcus.jpg
fruhrenaissance,giovanni-e-gentile-bellini-piet-1472-01.JPG
fruhrenaissance,glorification-of-saint-dominic.jpg
fruhrenaissance,grotesque-profile.jpg
fruhrenaissance,last-supper-2.jpg
fruhrenaissance,lo-scheggia-cori-di-angeli-musicanti-1440-50-ca-04.jpg
fruhrenaissance,lo-scheggia-trionfo-dell-amore.JPG
fruhrenaissance,lo-scheggia-trionfo-della-morte-1450-ca-02.JPG
fruhrenaissance,madonna-1452.jpg
fruhrenaissance,madonna-and-child-1.jpg
fruhrenaissance,madonna-and-child-1470(1).jpg
fruhrenaissance,madonna-and-child-enthroned-with-st-dionysius-aeropagita-domenic-clement-and-thomas-aquinas.jpg
fruhrenaissance,madonna-and-child-surrounded-by-saints-1.jpg
fruhrenaissance,madonna-and-child-with-cherubs-1490.jpg
fruhrenaissance,madonna-and-child-with-saints-2.jpg
fruhrenaissance,madonna-and-child-with-two-angels-1465.jpg
fruhrenaissance,madonna-and-child.jpg
fruhrenaissance,madonna-del-ceppo.jpg
fruhrenaissance,man-with-a-turban.jpg
fruhrenaissance,marriage-of-mary-1490.jpg
fruhrenaissance,melozzo-da-forl-attr-annunciazione-1510-ca-02.jpg
fruhrenaissance,moses-s-journey-into-egypt.jpg
fruhrenaissance,naked-child-since-mid-body-arms-crossed.jpg
fruhrenaissance,pair-of-apostles-in-dispute-1482-3.jpg
fruhrenaissance,palazzo-schifanoia-salone-dei-mesi-03-marzo-f-del-cossa-borso-alla-caccia-e-amministrat-di-giustizia-1.jpg
fruhrenaissance,palazzo-schifanoia-salone-dei-mesi-03-marzo-f-del-cossa-borso-alla-caccia-e-amministrat-di-giustizia-7.JPG
fruhrenaissance,palazzo-schifanoia-salone-dei-mesi-03-marzo-f-del-cossa-trionfo-di-minerva-02.JPG
fruhrenaissance,palazzo-schifanoia-salone-dei-mesi-04-aprile-f-del-cossa-borso-assiste-al-palio-di-san-giorgio-e-d-8.jpg
fruhrenaissance,palazzo-schifanoia-salone-dei-mesi-05-maggio-f-del-cossa-e-aiuti-gemelli-01.JPG
fruhrenaissance,palazzo-schifanoia-salone-dei-mesi-05-maggio-f-del-cossa-e-aiuti-trionfo-di-apollo-02-cavalli-2.jpg
fruhrenaissance,palazzo-venezia-rome-1460c.jpg
fruhrenaissance,pietà-1465.jpg
fruhrenaissance,polyptych-annunziata-assumption-of-mary.jpg
fruhrenaissance,polyptych-of-the-madonna-enthroned-with-saints-1410.jpg
fruhrenaissance,polyptych-of-the-misericordia-1462(1).jpg
fruhrenaissance,portrait-of-a-man-1470-1.jpg
fruhrenaissance,portrait-of-a-young-man-1478.jpg
fruhrenaissance,portrait-of-a-young-woman-1425.jpg
fruhrenaissance,portrait-of-francesco-gonzaga.jpg
fruhrenaissance,portrait-of-francesco-sassetti-1483.jpg
fruhrenaissance,portrait-of-the-donor-nera-corsi-sassetti-1485.jpg
fruhrenaissance,procession-of-the-magi-detail.jpg
fruhrenaissance,procession-of-the-magus-balthazar-detail-1461-2.jpg
fruhrenaissance,procession-of-the-magus-balthazar-detail-1461-3.jpg
fruhrenaissance,procession-of-the-queen-of-sheba-and-meeting-between-the-queen-of-sheba-and-king-solomon-1464(1).jpg
fruhrenaissance,recognition-of-the-true-cross(1).jpg
fruhrenaissance,reliquary-tabernacle.jpg
fruhrenaissance,ross-and-rider.jpg
fruhrenaissance,saint-anthony-the-abbot-tempted-by-a-lump-of-gold-1436.jpg
fruhrenaissance,saint-james-1473.jpg
fruhrenaissance,saint-jean-baptiste-1490(1).jpg
fruhrenaissance,saint-jerome-reading-1490.jpg
fruhrenaissance,saint-peter-martyr-and-saint-venetianus-of-camerino-1482.jpg
fruhrenaissance,sala-del-pollaiolo-0-desiderio-da-settignano-ges-bambino-benedicente.JPG
fruhrenaissance,san-domenico-annunciation.jpg
fruhrenaissance,san-lorenzo-florence.jpg
fruhrenaissance,sandro-botticelli-016.jpg
fruhrenaissance,sassetta-san-giovanni-evangelista-da-polittico-di-s-francesco-a-borgo-san-sepolcro-1437-1444-ca.JPG
fruhrenaissance,sassetta-san-nicola-di-bari-1430-35-ca.JPG
fruhrenaissance,scene-temple-mary-1440.jpg
fruhrenaissance,scenes-of-monastic-life-2.jpg
fruhrenaissance,scuola-di-antoniazzo-romano-madonna-col-bambino-e-tondo-di-cristo-in-piet-01.jpg
fruhrenaissance,serie-von-vier-gemälden-zum-leben-des-hl-zenobius-von-florenz-1505(1).jpg
fruhrenaissance,sixtus-ii-1481(1).jpg
fruhrenaissance,sketch-of-figures-and-scenes-from-the-antique-age.jpg
fruhrenaissance,st-augustine-departing-for-milan-detail-1465.jpg
fruhrenaissance,st-augustine-in-his-study-predella-panel-from-the-altarpiece-of-st-mark-1490(1).jpg
fruhrenaissance,st-augustine-reading-rhetoric-and-philosophy-at-the-school-of-rome-detail-1465.jpg
fruhrenaissance,st-augustine.jpg
fruhrenaissance,st-barbara.jpg
fruhrenaissance,st-francis-giving-away-his-clothes-vision-of-the-church-militant-and-triumphant-detail.jpg
fruhrenaissance,st-francis-giving-away-his-clothes-vision-of-the-church-militant-and-triumphant.jpg
fruhrenaissance,st-jerome.jpg
fruhrenaissance,st-juvenal-triptych-1422.jpg
fruhrenaissance,st-lawrence-giving-alms-1449.jpg
fruhrenaissance,st-luke-the-evangelist-1454.jpg
fruhrenaissance,st-mark-1450.jpg
fruhrenaissance,statue-of-st-george-in-orsanmichele-florence-1416.jpg
fruhrenaissance,study-of-garments.jpg
fruhrenaissance,study-of-hands.jpg
fruhrenaissance,the-birth-and-infancy-of-st-stephen.jpg
fruhrenaissance,the-flagellation-of-christ(1).jpg
fruhrenaissance,the-flagellation.jpg
fruhrenaissance,the-madonna-and-child-with-saints.jpg
fruhrenaissance,the-madonna-and-child-with-st-anna.jpg
fruhrenaissance,the-miracles-of-san-bernardino-the-healing-of-a-young.jpg
fruhrenaissance,the-nativity-1490.jpg
fruhrenaissance,the-pazzi-crucifixion-detail-3.jpg
fruhrenaissance,the-story-of-st-nicholas-1448.jpg
fruhrenaissance,the-trinity-1428.jpg
fruhrenaissance,the-triumph-of-st-thomas-aquinas-1484.jpg
fruhrenaissance,the-virgin-and-child-enthroned-1484(1).jpg
fruhrenaissance,unknown(3).jpg
fruhrenaissance,vase-in-perspective.jpg
fruhrenaissance,virgin-and-child-enthroned-with-twelve-angels.jpg
fruhrenaissance,virgin-and-child-madonna-of-humility-1490.jpg
fruhrenaissance,virgin-and-child-with-six-angels-1420.jpg
fruhrenaissance,virgin-and-child-with-the-infant-st-john-the-baptistbetween-1500(1).jpg
gothisch,1426-meister-francke-das-martyrium-des-hl-thomas-von-canterbury-anagoria-1.JPG
gothisch,1426-meister-francke-die-anbetung-der-k-nige-anagoria-1.JPG
gothisch,1426-meister-francke-die-anbetung-des-kindes-anagoria-1.JPG
gothisch,1426-meister-francke-die-verh-hnung-des-hl-thomas-von-canterbury-anagoria-1.JPG
gothisch,1430-meister-francke-christi-auferstehung-anagoria-1.JPG
gothisch,1435-meister-francke-die-klagenden-frauen-am-kreuz-anagoria-1.JPG
gothisch,barbara18-1.JPG
gothisch,christ-at-the-tomb-supported-by-two-angels-1474.jpg
gothisch,christ-leading-the-patriarchs-to-the-paradise-1480.jpg
gothisch,christ-leading-the-patriarchs-to-the-paradise-detail-1480.jpg
gothisch,crucifixion-1480.jpg
gothisch,death-of-the-virgin-1462.jpg
gothisch,grablegung.JPG
gothisch,la-chute-et-le-jugement-de-lucifer.jpg
gothisch,maria-barbara-alttarissa-keskiosa-1.JPG
gothisch,meister-francke-001-1.jpg
gothisch,meister-francke-002-1.jpg
gothisch,meister-francke-003-1.jpg
gothisch,meister-francke-004-1.jpg
gothisch,meister-francke-010-1.jpg
gothisch,meister-francke-012-1.jpg
gothisch,meister-francke-gei-elung-der-hl-barbara-1.jpg
gothisch,piet-of-canon-luis-despl-1490.jpg
gothisch,piet-of-canon-luis-despl-detail-1490.jpg
gothisch,pyh-n-barbaran-alttarikaappi-1-1.jpg
gothisch,pyh-n-barbaran-alttarikaappi-4-1.jpg
gothisch,pyh-n-barbaran-alttarikaappi-5-1.jpg
gothisch,pyh-n-barbaran-alttarikaappi-8-1.jpg
gothisch,resurrection-and-descent-of-christ-to-limbo-1480.jpg
gothisch,saint-augustine-1485.jpg
gothisch,saint-michael-triumphs-over-the-devil-1468.jpg
gothisch,saint-sebastian-1485.jpg
gothisch,st-dominic-enthroned-in-glory-1477.jpg
gothisch,the-flagellation-of-st-engracia-1477.jpg
hochrenaissance,1531-milano-s-maria-immacolata-borgognone-attr-a-xpo-sotto-il-torchio-dett-foto-g-dall-orto-24-sep.jpg
hochrenaissance,3-8.jpg
hochrenaissance,375px-fra-bartolomeo-giobbe.jpg
hochrenaissance,800px-tizian-056.jpg
hochrenaissance,800px-tiziano-tarquinio-e-lucrezia.jpg
hochrenaissance,a-man-in-armour.jpg
hochrenaissance,allegory-1500.jpg
hochrenaissance,allegory-with-wolf-and-eagle.jpg
hochrenaissance,altar-of-recanati-polyptych-main-board-madonna-enthroned-with-the-christ-child-three-angels-st-1508.jpg
hochrenaissance,altar-of-st-lucia-footplate-st-lucia-in-prayer-and-the-valediction-of-st-lucia-1532.jpg
hochrenaissance,ambrose-1.jpg
hochrenaissance,antonio-maria-ciocchi-del-monte.jpg
hochrenaissance,anunciaci-n-beccafumi-01.JPG
hochrenaissance,apollo-and-daphne-1524.jpg
hochrenaissance,apollo-and-marsyas-from-the-stanza-della-segnatura-1511.jpg
hochrenaissance,apostles-group.jpg
hochrenaissance,assumption-of-the-virgin.jpg
hochrenaissance,bergognone-polittico-1507-07.JPG
hochrenaissance,bergognone-san-rocco-1505-10-ca.JPG
hochrenaissance,bergognone-santa-caterina-d-alessandria-1510-ca-01.JPG
hochrenaissance,birth-of-adonis-sebastiano-del-piombo.jpg
hochrenaissance,bishop-bernardo-de-rossi-1505.jpg
hochrenaissance,caricature.jpg
hochrenaissance,christ-1522.jpg
hochrenaissance,christ-among-the-doctors-1501.jpg
hochrenaissance,christ-carrying-the-cross-1521.jpg
hochrenaissance,descent-into-limbo-1492.jpg
hochrenaissance,diana-and-callisto-palma-vecchio.jpg
hochrenaissance,donato-bramante-001.jpg
hochrenaissance,drawing-of-an-equestrian-monument.jpg
hochrenaissance,drawing-of-locks-on-a-river.jpg
hochrenaissance,entry-of-mary-into-the-temple-1538.jpg
hochrenaissance,expulsion-of-heliodorus-from-the-temple-detail.jpg
hochrenaissance,france-003300-nativity-and-annunciation-to-the-shepherds-16050903460.jpg
hochrenaissance,francesco-melzi-portrait-of-leonardo-wga14795-1.jpg
hochrenaissance,frescoes-in-the-chapel-of-san-brizio-1502.jpg
hochrenaissance,gian-galeazzo-dona-alla-madonna-la-certosa.jpg
hochrenaissance,gian-giacomo-bartolotti-da-parma-1518.jpg
hochrenaissance,grav-par-beccafumi-domenico-l-adoration-des-bergers-4406-lr-recto.jpg
hochrenaissance,grav-par-beccafumi-domenico-les-dieux-marins-4408-lr-recto.jpg
hochrenaissance,hanno-the-pope-s-leo-x-elephant-1516.jpg
hochrenaissance,head-of-a-woman-1520.jpg
hochrenaissance,holy-family-with-two-donors-1505.jpg
hochrenaissance,ignudo-10.jpg
hochrenaissance,ignudo-8.jpg
hochrenaissance,judith-and-holofernes-1500.jpg
hochrenaissance,leda.jpg
hochrenaissance,life-of-st-benedict-scene-4-the-monk-romanus-dresses-benedict-detail.jpg
hochrenaissance,madonna-and-child-1.jpg
hochrenaissance,madonna-and-st-catherine-of-alexandria-st-james-the-greater-and-an-angel.jpg
hochrenaissance,madonna-and-the-child-c-1490.jpg
hochrenaissance,madonna-of-the-baldacchino.jpg
hochrenaissance,mariotto-albertinelli-crocifissione-1506-01.JPG
hochrenaissance,moses-receiving-the-tablets-of-the-law-detail-1518.jpg
hochrenaissance,moses-saved-from-the-water-1519.jpg
hochrenaissance,muse-1497.jpg
hochrenaissance,mystic-marriage-of-saint-catherine-of-alexandria-and-saint-catherine-of-siena-1524.jpg
hochrenaissance,n-mes-beaux-arts114.jpg
hochrenaissance,pala-di-sant-agostino-baptism-of-christ-1523.jpg
hochrenaissance,pala-di-sant-agostino-st-bartolomeo-1523.jpg
hochrenaissance,palma-il-vecchio-christ-and-the-adulteress-google-art-project.jpg
hochrenaissance,perseus-rescuing-andromeda-1510.jpg
hochrenaissance,pius-1504.jpg
hochrenaissance,polyptych-albani-torlonia.jpg
hochrenaissance,pope-leo-i-repulsing-attila-1514.jpg
hochrenaissance,portrait-of-a-man-with-a-felt-hat-1541.jpg
hochrenaissance,portrait-of-a-man.jpg
hochrenaissance,portrait-of-a-young-man-with-a-dog-and-a-cat.jpg
hochrenaissance,portrait-of-aretino.jpg
hochrenaissance,portrait-of-bernardino-da-lesmo.jpg
hochrenaissance,portrait-of-crossbowman.jpg
hochrenaissance,portrait-of-donna-ebrea-con-gli-attributi-di-joele.jpg
hochrenaissance,portrait-of-francesco-maria-della-rovere-1502(2).jpg
hochrenaissance,portrait-of-laura-da-pola-wife-of-febo-da-brescia.jpg
hochrenaissance,putti-1511.jpg
hochrenaissance,putti-detail-from-the-sistine-madonna-1513.jpg
hochrenaissance,riconciliazione-di-coriolano-1509.jpg
hochrenaissance,ritratto-di-cesare-borgia-sebastiano-del-piombo.jpg
hochrenaissance,saint-jerome-1.jpg
hochrenaissance,salom-con-la-tesa-del-battista.jpg
hochrenaissance,samson-captured-by-the-philistines(2).jpg
hochrenaissance,san-lorenzo-façade.jpg
hochrenaissance,seated-old-man.jpg
hochrenaissance,sebastiano-del-piombo-003.jpg
hochrenaissance,self-portrait-detail-from-the-preaching-and-acts-of-the-antichrist.jpg
hochrenaissance,sistine-chapel-ceiling-creation-of-the-sun-and-moon-1512.jpg
hochrenaissance,sistine-chapel-ceiling-judith-carrying-the-head-of-holofernes-1512.jpg
hochrenaissance,spurius-cassius-vecillinus.jpg
hochrenaissance,st-ambrose.jpg
hochrenaissance,st-augustine-altarpiece-right-wing.jpg
hochrenaissance,st-george-killing-the-dragon-1507.jpg
hochrenaissance,st-gregory-the-great.jpg
hochrenaissance,st-jerome-in-a-landscape.jpg
hochrenaissance,st-matthew.jpg
hochrenaissance,st-nicholas-of-tolentino-1507.jpg
hochrenaissance,st-peter-martyr-with-st-nicholas-of-bari-st-benedict-and-an-angel-musician-1504.jpg
hochrenaissance,stof-bethlehem-and-other-plants.jpg
hochrenaissance,studies-of-crabs.jpg
hochrenaissance,study-of-a-rider.jpg
hochrenaissance,study-of-a-woman-s-head.jpg
hochrenaissance,study-of-nude-man-2.jpg
hochrenaissance,study-of-nude-man.jpg
hochrenaissance,study-of-water.jpg
hochrenaissance,study-sheet-with-cats-dragon-and-other-animals.jpg
hochrenaissance,teleri-della-scuola-di-san-giovanni-ev-gentile-bellini-miracolo-della-croce-caduta-nel-canale-di-san-3.JPG
hochrenaissance,the-ancestors-of-christ-jechoniah-shealtiel-1512.jpg
hochrenaissance,the-ancestors-of-christ-manasseh-amon-1512.jpg
hochrenaissance,the-ancestors-of-christ-zerubbabel-1509.jpg
hochrenaissance,the-ascension-of-christ-1510.jpg
hochrenaissance,the-assassination-of-st-peter-martyr-1509.jpg
hochrenaissance,the-birth-of-adonis-1510.jpg
hochrenaissance,the-circumcision.jpg
hochrenaissance,the-confirmation-of-the-olivetan-order-by-the-bishop-of-arezzo-1504.jpg
hochrenaissance,the-creation-of-the-animals-1519.jpg
hochrenaissance,the-crowning-of-the-virgin-1503.jpg
hochrenaissance,the-crucifixion-1503.jpg
hochrenaissance,the-crucifixion-with-st-mary-magdalen.jpg
hochrenaissance,the-dead-christ-supported-by-angels.jpg
hochrenaissance,the-healing-of-anianus.jpg
hochrenaissance,the-healing-of-the-possessed-woman.jpg
hochrenaissance,the-holy-family-with-a-shepherd.jpg
hochrenaissance,the-holy-family-with-saints-elizabeth-and-john.jpg
hochrenaissance,the-last-judgment-the-right-part-of-the-composition-the-damned-consigned-to-hell-1502.jpg
hochrenaissance,the-liberation-of-st-peter-in-the-stanza-d-eliodoro-1514.jpg
hochrenaissance,the-lute-player.jpg
hochrenaissance,the-madonna-of-loreto-1509.jpg
hochrenaissance,the-meeting-of-etherius-and-ursula-and-the-departure-of-the-pilgrims-1498.jpg
hochrenaissance,the-mystic-marriage-of-st-catherine-1515.jpg
hochrenaissance,the-poet-virgil-1504.jpg
hochrenaissance,the-prophet-ezekiel-1510.jpg
hochrenaissance,the-prophet-jeremiah-1512.jpg
hochrenaissance,the-raising-of-lazarus-c1514.jpg
hochrenaissance,the-resurrection.jpg
hochrenaissance,the-trinity-1523.jpg
hochrenaissance,the-triumph-and-vespasian-de-titus-1500.jpg
hochrenaissance,the-triumph-of-galatea-detail-1506.jpg
hochrenaissance,the-virgin-and-child-among-angels-and-saints.jpg
hochrenaissance,the-virgin-and-child-with-saint-john-and-angels-manchester-madonna.jpg
hochrenaissance,the-virgin-and-child-with-st-anne.jpg
hochrenaissance,the-virgin-and-child-with-two-angels-piero-di-cosimo.jpg
hochrenaissance,the-virgin-of-the-rose.jpg
hochrenaissance,the-vision-of-st-john-in-patmos(2).jpg
hochrenaissance,tizian-034.jpg
hochrenaissance,trumpeters-1506.jpg
hochrenaissance,various-studies.jpg
hochrenaissance,virgin-and-child.jpg
hochrenaissance,virgin-in-glory-with-saints-1515.jpg
hochrenaissance,vision-of-st-augustine-1507.jpg
hochrenaissance,young-woman-as-saint-catherine.jpg
impressionismus,245201392-4472778659469393-812959975245065772-n.jpg
impressionismus,800px-theodore-robinson-boy-in-a-boat-fishing.jpg
impressionismus,a-friend-of-the-marquis-1875.jpg
impressionismus,a-house-between-trees-1883.jpg
impressionismus,a-river-bank-the-seine-at-asnieres-1883.jpg
impressionismus,a-road-in-seine-et-marne-1875.jpg
impressionismus,aline-gauguin-and-one-of-her-brothers.jpg
impressionismus,arno-near-casaccia-1863.jpg
impressionismus,at-the-theater-1879.jpg
impressionismus,autumn-landscape-farm-and-pond-1877.jpg
impressionismus,autumn-landscape-louveciennnes.jpg
impressionismus,bank-in-the-autumn-1879.jpg
impressionismus,basking-a-corner-in-the-alhambra-1883.jpg
impressionismus,before-the-race-1882.jpg
impressionismus,beraud-montmartre-1200x0600.jpg
impressionismus,between-veneux-and-by-december-morning-1882.jpg
impressionismus,blonde-bather-1881.jpg
impressionismus,boat-at-the-beach-1874.jpg
impressionismus,calf-in-a-butcher-shop.jpg
impressionismus,camille-daurelle-in-the-park-at-yerres.jpg
impressionismus,channel-in-brussels-1871.jpg
impressionismus,country-road.jpg
impressionismus,crossing-the-street-1875.jpg
impressionismus,cruz-de-la-horca-en-el-escorial.jpg
impressionismus,dancer-with-a-bouquet-bowing-1877.jpg
impressionismus,degas-father-listening-to-lorenzo-pagans-1870.jpg
impressionismus,entrance-to-the-port-of-honfleur.jpg
impressionismus,eugene-manet-on-the-isle-of-wight.jpg
impressionismus,first-portrait-of-madame-georges-charpeitier-1877.jpg
impressionismus,fish-skate-and-dogfish.jpg
impressionismus,fishermen-mending-nets-1872.jpg
impressionismus,fishing-boats-at-sea.jpg
impressionismus,fishwomen-at-berck.jpg
impressionismus,flowers-beds-at-vetheuil.jpg
impressionismus,flowers-in-three-vases-1879.jpg
impressionismus,fog-1872.jpg
impressionismus,frederikke-tuxen-1882.jpg
impressionismus,garden-at-yerres.jpg
impressionismus,gennevilliers-plain-1877.jpg
impressionismus,gentlemen-jockeys-before-the-start-1862.jpg
impressionismus,glaspalast-m-nchen-1883-156.jpg
impressionismus,gray-day.jpg
impressionismus,head-of-a-young-man.jpg
impressionismus,in-an-english-garden.jpg
impressionismus,jeantaud-linet-and-laine-1871.jpg
impressionismus,landscape-at-sevres-1878.jpg
impressionismus,landscape-near-valenciennes.jpg
impressionismus,landscape-under-snow-upper-norwood-1871.jpg
impressionismus,late-afternoon-in-vetheuil.jpg
impressionismus,laundresses-on-the-banks-of-the-port-of-trouville.jpg
impressionismus,le-pont-de-l-europe-1.jpg
impressionismus,legendary-scene.jpg
impressionismus,low-tide-at-pourville.jpg
impressionismus,ludovic-halevy-speaking-with-madame-cardinal.jpg
impressionismus,luncheon-in-the-countryside.jpg
impressionismus,lydia-sitting-on-a-porch-crocheting-1882.jpg
impressionismus,madame-deitz-monin-1879.jpg
impressionismus,madame-gobillard-yves-morisot-1869.jpg
impressionismus,main-image-3.jpg
impressionismus,mary-cassatt-at-the-louvre.jpg
impressionismus,meadow-with-poplars.jpg
impressionismus,mother-with-child.jpg
impressionismus,mountain-view-from-high-field.jpg
impressionismus,newspaperman-in-paris-the-newspaper-1878.jpg
impressionismus,ng-ng-ng6529-001.jpg
impressionismus,not_detected_208370.jpg
impressionismus,old-house-nantucket.jpg
impressionismus,older-sister-1.jpg
impressionismus,orchard-in-pontoise-1877.jpg
impressionismus,park-monceau.jpg
impressionismus,pasturage-the-valley-of-the-touques-1881.jpg
impressionismus,path-near-sevres-1879.jpg
impressionismus,peasant-girls-bathing-in-the-sea-at-dusk.jpg
impressionismus,pond-with-ducks-girl-amusing-herself-1881.jpg
impressionismus,poplar-trees.jpg
impressionismus,portrait-after-a-costume-ball-portrait-of-madame-dietz-monnin-1879.jpg
impressionismus,portrait-of-berthe-morisot.jpg
impressionismus,portrait-of-ir-ne-cahen-d-anvers-1880.jpg
impressionismus,portrait-of-josephine-gaujelin-1867.jpg
impressionismus,portrait-of-madame-claude-monet-1872.jpg
impressionismus,railway-bridge-at-argenteuil-1874.jpg
impressionismus,rehearsal-of-the-pas-de-loup-orchestra-at-the-cirque-d-hiver-1878.jpg
impressionismus,returning-from-the-market.jpg
impressionismus,road-at-pontoise-1875.jpg
impressionismus,road-in-a-forest-fontainebleau.jpg
impressionismus,robert-and-his-sailboat-1882.jpg
impressionismus,rough-sea-at-etretat-1869.jpg
impressionismus,route-from-louveciennes.jpg
impressionismus,rua-de-capri-1882.jpg
impressionismus,saint-lazare-station-sunlight-effect.jpg
impressionismus,saint-lazare-station-track-coming-out.jpg
impressionismus,seascape-night-effect.jpg
impressionismus,self-portrait-at-the-age-of-thirty-five-1876.jpg
impressionismus,snow-at-louveciennes-1874.jpg
impressionismus,still-life-skull-and-waterjug.jpg
impressionismus,still-life-with-apples-and-grapes.jpg
impressionismus,still-life-with-apples-and-pitcher-1872.jpg
impressionismus,still-life-with-lemons-and-oranges-1881.jpg
impressionismus,still-life-with-oranges-1881.jpg
impressionismus,study-for-the-portrait-of-f-r-leyland-1873.jpg
impressionismus,the-banks-of-the-seine-at-argenteuil.jpg
impressionismus,the-banks-of-the-seine-in-autumn.jpg
impressionismus,the-bay-of-l-estaque-and-saint-henri-1879.jpg
impressionismus,the-countess-de-rasty-lying.jpg
impressionismus,the-dinner-1869.jpg
impressionismus,the-festival-of-the-owner-1877.jpg
impressionismus,the-galettes.jpg
impressionismus,the-grand-canal-1875.jpg
impressionismus,the-high-island-1880.jpg
impressionismus,the-isle-grande-jatte.jpg
impressionismus,the-large-walnut-tree-at-hermitage-1875.jpg
impressionismus,the-laundry-1876.jpg
impressionismus,the-manneport-cliff-at-etretat-sunset.jpg
impressionismus,the-manneport-cliff-at-etretat.jpg
impressionismus,the-market-gardens-of-vaugirard-1879.jpg
impressionismus,the-old-ennery-road-in-pontoise-1877.jpg
impressionismus,the-old-wharf-dordrecht-holland-1880.jpg
impressionismus,the-painter-of-animals-1882.jpg
impressionismus,the-parquet-planers-1876.jpg
impressionismus,the-plain-at-gennevilliers-group-of-poplars.jpg
impressionismus,the-port-of-bordeaux-1876.jpg
impressionismus,the-railway-bridge-at-argenteuil-1.jpg
impressionismus,the-river-oise-near-pontoise-1873.jpg
impressionismus,the-rouart-s-dining-room-1880.jpg
impressionismus,the-sleeper-1880.jpg
impressionismus,the-thinker-1.jpg
impressionismus,the-thinker-2.jpg
impressionismus,the-thinker.jpg
impressionismus,the-vauban-basin-at-havre.jpg
impressionismus,three-partridges-on-a-table.jpg
impressionismus,toilet-1870.jpg
impressionismus,town-garden-in-pontoise-1873.jpg
impressionismus,train-in-the-snow-or-the-locomotive-1875.jpg
impressionismus,trouville-beach-scene-1873.jpg
impressionismus,trouville-black-rocks.jpg
impressionismus,trouville-the-port-1864.jpg
impressionismus,vase-of-flowers-1871.jpg
impressionismus,vetheuil-the-church.jpg
impressionismus,victor-jacquemont-holding-a-parasol.jpg
impressionismus,view-near-polling-1876.jpg
impressionismus,view-of-le-havre-1873.jpg
impressionismus,view-to-the-plain-of-argenteuil.jpg
impressionismus,villa-with-orange-trees-nice.jpg
impressionismus,woman-in-black.jpg
impressionismus,woman-s-head.jpg
impressionismus,woman-sewing-1881.jpg
impressionismus,woman-with-an-umbrella-1880.jpg
impressionismus,women-on-the-beach-at-berck-1881.jpg
impressionismus,young-peasant-girl-wearing-a-hat-1881.jpg
impressionismus,young-woman-on-a-bench-1875.jpg
manierismus-spatrenaissance,1-21.jpg
manierismus-spatrenaissance,1-30.jpg
manierismus-spatrenaissance,1-doge-alvise-mocenigo-and-family-before-the-madonna-and-child-tintoretto-1.jpg
manierismus-spatrenaissance,1-doge-alvise-mocenigo-presented-to-the-redeemer-tintoretto.jpg
manierismus-spatrenaissance,1024px-tiziano-vecellio-called-titian-nymph-and-shepherd-google-art-project.jpg
manierismus-spatrenaissance,11.jpg
manierismus-spatrenaissance,1200px-correggio-the-holy-night-google-art-project.jpg
manierismus-spatrenaissance,1355020641-0717998-www-nevsepic-com-ua.jpg
manierismus-spatrenaissance,142017v-0006.jpg
manierismus-spatrenaissance,2edb17bf7b9e6b9cc9759c5d973af294.jpg
manierismus-spatrenaissance,3-portrait-of-the-procurator-alessandro-gritti-tintoretto.jpg
manierismus-spatrenaissance,525px-tizian-schule-001b.jpg
manierismus-spatrenaissance,800px-correggio-madonna-and-child-with-sts-jerome-and-mary-magdalen-the-day-wga05327.jpg
manierismus-spatrenaissance,a-turkish-slave.jpg
manierismus-spatrenaissance,adoration-of-the-magi-1582.jpg
manierismus-spatrenaissance,adoration-of-the-shepherds-1545.jpg
manierismus-spatrenaissance,alessandro-allori-portr-t-von-eleonora-von-toledo.jpg
manierismus-spatrenaissance,alessandro-allori-ritratto-di-nobildonna.jpg
manierismus-spatrenaissance,alessandro-allori-storie-di-san-girolamo-1577-07-san-girolamo-cardinale-copia.jpg
manierismus-spatrenaissance,alessandro-allori-storie-di-san-girolamo-1577-10-san-girolamo-converte-due-donne-2-copia.jpg
manierismus-spatrenaissance,amor-carving-his-bow-1524.jpg
manierismus-spatrenaissance,annunciation.jpg
manierismus-spatrenaissance,apollon-dances-with-the-muses-c1540.jpg
manierismus-spatrenaissance,apostle-st-james-the-greater-1606.jpg
manierismus-spatrenaissance,apostle-st-simon.jpg
manierismus-spatrenaissance,apostle-st-thaddeus-jude.jpg
manierismus-spatrenaissance,assumption-1558.jpg
manierismus-spatrenaissance,assumption-of-the-virgin-detail-1517.jpg
manierismus-spatrenaissance,bacchus-vertumnus-and-saturn-1561.jpg
manierismus-spatrenaissance,baltasar-del-alc-zar-1599.jpg
manierismus-spatrenaissance,banquet-of-amor-and-psyche-by-giulio-romano-2.jpg
manierismus-spatrenaissance,baptism-and-temptation-of-christ-1582.jpg
manierismus-spatrenaissance,bartholom-us-spranger-kunsthistorisches-museum-wien-gem-ldegalerie-jupiter-und-antiope-gg-5752.jpg
manierismus-spatrenaissance,bartholom-us-spranger-kunsthistorisches-museum-wien-gem-ldegalerie.jpg
manierismus-spatrenaissance,bartolomeo-passarotti-nude-studies-1570-1580.jpg
manierismus-spatrenaissance,bartolomeo-passarotti-portrait-of-a-scribe-3.jpg
manierismus-spatrenaissance,bartolomeo-passarotti-portrait-of-pope-pius-v-walters-37453.jpg
manierismus-spatrenaissance,bartolomeo-passerotti-study-of-an-eagle-google-art-project.jpg
manierismus-spatrenaissance,battle-of-lepanto.jpg
manierismus-spatrenaissance,beccafumi-domenico-fall-of-the-rebel-angels-san-niccolo-al-carmine-siena.jpg
manierismus-spatrenaissance,beccafumi-lupercali-06.JPG
manierismus-spatrenaissance,beccafumi-san-matteo.jpg
manierismus-spatrenaissance,christ-del-piombo.jpg
manierismus-spatrenaissance,conquest-of-smyrna-1585.jpg
manierismus-spatrenaissance,crucifix.jpg
manierismus-spatrenaissance,crucifixion-1582.jpg
manierismus-spatrenaissance,defence-of-ponte-rozzo-on-the-river-ticino-in-1524.jpg
manierismus-spatrenaissance,deposition-1525.jpg
manierismus-spatrenaissance,design-for-an-allegory-of-fortune-felicità-1564.jpg
manierismus-spatrenaissance,design-for-an-inkstand-met-dp801528.jpg
manierismus-spatrenaissance,domenico-beccafumi-portrait.jpg
manierismus-spatrenaissance,domenico-tintoretto-the-flagellation.JPG
manierismus-spatrenaissance,double-portrait-of-two-men.jpg
manierismus-spatrenaissance,ecce-homo-central-panel-1560.jpg
manierismus-spatrenaissance,finding-the-true-cross-1578.jpg
manierismus-spatrenaissance,francesco-salviati-annunciazione-1534-ca-roma-s-francesco-a-ripa-02.jpg
manierismus-spatrenaissance,francesco-salviati-annunciazione-1534-ca-roma-s-francesco-a-ripa-03.jpg
manierismus-spatrenaissance,francesco-salviati-annunciazione-1534-ca-roma-s-francesco-a-ripa-07.jpg
manierismus-spatrenaissance,francesco-salviati-time-as-occasion-kairos-google-art-project.jpg
manierismus-spatrenaissance,garcia-de-medici.jpg
manierismus-spatrenaissance,giambologna-10.jpg
manierismus-spatrenaissance,giambologna-lion-attacking-a-horse-walters-54669.jpg
manierismus-spatrenaissance,halberdier-1.jpg
manierismus-spatrenaissance,hanging-gardens-of-babylon.jpg
manierismus-spatrenaissance,hb-53-601-338-3.jpg
manierismus-spatrenaissance,helmet-shaped-like-lion.jpg
manierismus-spatrenaissance,hendrik-goltzius-stervende-adonis.jpg
manierismus-spatrenaissance,hermaphrodite-figure.jpg
manierismus-spatrenaissance,interior-of-chiesa-dei-gesuiti-venice-sacristy-alexander-iii-confirms-the-crucifixes-and-gives-them.jpg
manierismus-spatrenaissance,interior-of-chiesa-dei-gesuiti-venice-sacristy-ceiling-david-riceve-dal-sacerdote-achimelec-i-pani.jpg
manierismus-spatrenaissance,iseppo-and-adriano-da-porto-1552.jpg
manierismus-spatrenaissance,jesus-on-limbo-domenico-beccafumi.jpg
manierismus-spatrenaissance,la-virgen-sedente.jpg
manierismus-spatrenaissance,madonna-adoring-the-child-1605.jpg
manierismus-spatrenaissance,madonna-della-scala-1523.jpg
manierismus-spatrenaissance,madonna-enthroned-with-saints.jpg
manierismus-spatrenaissance,madonna-in-glory-and-holy-hones-1525.jpg
manierismus-spatrenaissance,mars-and-neptune-1578.jpg
manierismus-spatrenaissance,martyrdom-of-st-peter.jpg
manierismus-spatrenaissance,mein-gayon-imeich.jpg
manierismus-spatrenaissance,mercury.jpg
manierismus-spatrenaissance,michelangelo-buonarroti-1544.jpg
manierismus-spatrenaissance,miracle-of-the-manna.jpg
manierismus-spatrenaissance,ng-ng-ng37-001.jpg
manierismus-spatrenaissance,not_detected_224924-1542.jpg
manierismus-spatrenaissance,old-man-and-a-boy-tintoretto.jpg
manierismus-spatrenaissance,ou-chch-jbs-159-001-1.jpg
manierismus-spatrenaissance,pala-fugger.jpg
manierismus-spatrenaissance,palestrina-pieta-1550.jpg
manierismus-spatrenaissance,palma-il-giovane-venus-und-mars.jpg
manierismus-spatrenaissance,palma-il-giovane-victbembosoverfmviscontimaggc.jpeg
manierismus-spatrenaissance,perseus-and-andromeda-1572.jpg
manierismus-spatrenaissance,perseus-freeing-andromeda-1578.jpg
manierismus-spatrenaissance,pieta-rondanini-unfinished-1564.jpg
manierismus-spatrenaissance,pieter-jan-foppeszoon-and-his-family-1530.jpg
manierismus-spatrenaissance,piombo-cristo-con-la-cruz-a-cuestas-madrid-museo-del-prado.jpg
manierismus-spatrenaissance,portrait-of-a-cardinal-probably-cardinal-don-fernando-niño-de-guevara.jpg
manierismus-spatrenaissance,portrait-of-a-collector-1565.jpg
manierismus-spatrenaissance,portrait-of-a-lady-of-the-court-1590.jpg
manierismus-spatrenaissance,portrait-of-a-man-nationalmuseum-17321.jpg
manierismus-spatrenaissance,portrait-of-a-painter-with-a-palm-tree-1561.jpg
manierismus-spatrenaissance,portrait-of-a-woman-1529.jpg
manierismus-spatrenaissance,portrait-of-a-young-man-by-alessandro-allori-mus-e-cond-chantilly.jpg
manierismus-spatrenaissance,portrait-of-andrea-doria-as-neptune.jpg
manierismus-spatrenaissance,portrait-of-antonio-anselmi.jpg
manierismus-spatrenaissance,portrait-of-cosimo-i-de-medici-1545-1.jpg
manierismus-spatrenaissance,portrait-of-cosimo-i-de-medici-1545.jpg
manierismus-spatrenaissance,portrait-of-diane-d-andouins-and-her-daughter-1565.jpg
manierismus-spatrenaissance,portrait-of-mehmed-ii.jpg
manierismus-spatrenaissance,portrait-of-paolo-morigia-detail-1595.jpg
manierismus-spatrenaissance,portrait-of-reinerus-frisius-gemma.jpg
manierismus-spatrenaissance,portrait-of-the-doge-francesco-venier-1556.jpg
manierismus-spatrenaissance,portrait-of-ugolino-martelli.jpg
manierismus-spatrenaissance,san-geremia-venice-la-virgine-assunta-assiste-alla-incoronazione-di-venezia-fatta-dal-vescovo-san.jpg
manierismus-spatrenaissance,san-geremia-venice-la-vittoria-di-san-tommaso-d-aquino-sulla-tentazione-di-palma-il-giovane-1628.jpg
manierismus-spatrenaissance,scene-with-cherubs-on-papal-coat-of-arms-1515.jpg
manierismus-spatrenaissance,sebastiano-del-piombo-nativita.jpg
manierismus-spatrenaissance,st-anthony-preaching-to-the-fish.jpg
manierismus-spatrenaissance,st-francis-receiving-the-stigmata.JPG
manierismus-spatrenaissance,st-idelfonso.jpg
manierismus-spatrenaissance,st-james-the-great-from-christ-the-apostles-and-st-paul-with-the-creed-met-dp832762.jpg
manierismus-spatrenaissance,st-jerome-1.jpg
manierismus-spatrenaissance,st-luke-painting-the-virgin-1568.jpg
manierismus-spatrenaissance,st-luke-painting-the-virgin.jpg
manierismus-spatrenaissance,st-paul-from-christ-the-apostles-and-st-paul-with-the-creed-met-dp832765.jpg
manierismus-spatrenaissance,st-peter.jpg
manierismus-spatrenaissance,st-roch-in-prison-visited-by-an-angel-1567.jpg
manierismus-spatrenaissance,st-roch-in-the-hospital-1549.jpg
manierismus-spatrenaissance,standing-nude-man-bacchus-met-dp809050.jpg
manierismus-spatrenaissance,sts-john-the-baptist-and-bernardo-degli-uberti.jpg
manierismus-spatrenaissance,study-for-the-colonna-pieta.jpg
manierismus-spatrenaissance,study-of-christ-on-the-cross-between-the-virgin-and-st-john-the-evangelist.jpg
manierismus-spatrenaissance,summer-jacopo-tintoretto.jpg
manierismus-spatrenaissance,the-adoration-of-the-magi-1582.jpg
manierismus-spatrenaissance,the-adoration-of-the-shepherds-1569.jpg
manierismus-spatrenaissance,the-agony-in-the-garden-1539.jpg
manierismus-spatrenaissance,the-annunciation-1578.jpg
manierismus-spatrenaissance,the-battle-of-the-taro-1579.jpg
manierismus-spatrenaissance,the-contest-between-apollo-and-marsyas-tintoretto.jpg
manierismus-spatrenaissance,the-deposition.jpg
manierismus-spatrenaissance,the-eternal-father-appears-to-moses-1578.jpg
manierismus-spatrenaissance,the-fall-of-phaeton-1533.jpg
manierismus-spatrenaissance,the-magdalene-in-the-wilderness-jacopo-tintoretto.jpg
manierismus-spatrenaissance,the-mocking-of-christ-1589.jpg
manierismus-spatrenaissance,the-panciatichi-holy-family-1540.jpg
manierismus-spatrenaissance,the-risen-christ.jpg
manierismus-spatrenaissance,triptych-of-the-entombment-closed.jpg
manierismus-spatrenaissance,two-women-with-a-mirror-1620.jpg
manierismus-spatrenaissance,winter-1573(1).jpg
manierismus-spatrenaissance,wyr-wagy-a1-8-001.jpg
neoklassizistismus,2-marie-gabrielle-capet-french-artist-1761-1818-portrait-of-mme-j-l-germain.jpg
neoklassizistismus,a-table-on-the-wall-with-two-satyrs-a-pndola-two-watches-two-vases-candlesticks-wall-and-table.jpg
neoklassizistismus,a-view-of-the-progress-of-the-water-castle-julia-from-which-the-trophies-were-removed-this.jpg
neoklassizistismus,allegorical-composition-a-winged-woman-with-an-apple-in-his-hand-flying-between-love-and-a.jpg
neoklassizistismus,allegory-of-poetry-and-music-1782.jpg
neoklassizistismus,allegory-of-the-french-people-offering-the-crown-and-sceptre-to-the-king-1792.jpg
neoklassizistismus,antique-vase-of-marble-in-the-villa-valenti-at-porta-pia.jpg
neoklassizistismus,arakcheev-alexey-andreevich.jpg
neoklassizistismus,asunci-n-de-la-virgen-1760.jpg
neoklassizistismus,atala-au-tombeau-1808-girodet-de-roussy-trioson-louvre.JPG
neoklassizistismus,augustus-viscount-keppel-met-140448.jpg
neoklassizistismus,autumn-landscape.jpg
neoklassizistismus,barbara-krafft-bildnis-eines-jungen-m-dchens.jpg
neoklassizistismus,caprice-decorative-frames-in-the-middle-of-a-wall-with-a-oval-in-the-upper-left-a-barrel-and-a.jpg
neoklassizistismus,carlos-iv-prince-of-asturias-1765.jpg
neoklassizistismus,carolus-linneaus-met-8996.jpg
neoklassizistismus,chariot-of-the-sun.jpg
neoklassizistismus,charles-robert-cockerell.jpg
neoklassizistismus,church-of-the-assumption-on-pokrovka-1800.jpg
neoklassizistismus,clark-gayton-admiral-of-the-white-1779.jpg
neoklassizistismus,classical-ruins-1778-2.jpg
neoklassizistismus,cover-page-above-the-eagle-of-the-holy-apostles-roman-portico-at-the-bottom-of-the-vases-in-the.jpg
neoklassizistismus,delyanov-david-artemyevich.jpg
neoklassizistismus,denisdavydov.jpg
neoklassizistismus,design-of-samuel-greig-s-tomb-in-tallinn.jpg
neoklassizistismus,egyptian-style-fireplace-two-figures-on-the-right-foot-since-two-mummies.jpg
neoklassizistismus,elizabeth-goldthwaite-mrs-alexander-cumming-1770.jpg
neoklassizistismus,empress-alexandra-feodorovna-at-the-coronation-of-her-husband-1826.jpg
neoklassizistismus,epes-sargent.jpg
neoklassizistismus,face-of-the-balance-of-the-pantheon-without-roesent-modern-bell.jpg
neoklassizistismus,female-nude-1.jpg
neoklassizistismus,fireplace-stage-three-masks-in-the-frieze-between-two-medallions-with-the-graces-in-the.jpg
neoklassizistismus,following-the-above-table-1.jpg
neoklassizistismus,four-children-with-a-basket-of-fruit.jpg
neoklassizistismus,gamen-alexey-yurjevich.jpg
neoklassizistismus,ganymede.jpg
neoklassizistismus,genius-of-apollo.jpg
neoklassizistismus,gorchakov-2-andrey-ivanovich-1.jpg
neoklassizistismus,grande-arm-e-light-infantry-officers-in-greatcoats.jpg
neoklassizistismus,gresser-alexandr-ivanovich-1.jpg
neoklassizistismus,ground-plan-of-the-ground-floor-of-the-theater-and-the-stage-of-stable.jpg
neoklassizistismus,iconography-of-the-ancient-state-of-the-pantheon.jpg
neoklassizistismus,image114.jpg
neoklassizistismus,interior-of-pronaos-of-the-temple-itself-which-looks-toward-the-ground.jpg
neoklassizistismus,interior-view-of-the-basilica-of-st-peter-in-the-vatican-near-the-grandstand.jpg
neoklassizistismus,jacques-louis-david-the-farewell-of-telemachus-and-eucharis-google-art-project.jpg
neoklassizistismus,jean-baptiste-desdeban.jpg
neoklassizistismus,jean-joseph-xavier-bidaud-il-parco-a-mortefontaine-1806-02-barca.jpg
neoklassizistismus,jesus-praying-on-the-mount-of-olives.jpg
neoklassizistismus,john-flaxman-illustration-to-milton-s-paradise-lost-adam-and-eve-guarded-by-the-angels-google-art.jpg
neoklassizistismus,john-flaxman-the-adoration-of-the-magi-a-design-for-bas-relief-google-art-project.jpg
neoklassizistismus,john-v-of-portugal-pompeo-batoni.jpg
neoklassizistismus,johncarrollpeale.jpg
neoklassizistismus,joke-of-putti.jpg
neoklassizistismus,joseph-anton-koch-oedipus-and-antigone-leave-thebes-1797-google-art-project-1.jpg
neoklassizistismus,joseph-marie-vien-a-stone-bridge-and-the-fortified-entrance-to-a-town-1744-1750-nga-62495.jpg
neoklassizistismus,kreutzinger-emperor-joseph-ii.png
neoklassizistismus,la-odisea-luis-segal-y-estalella-page-81-crop.jpg
neoklassizistismus,lady-william-henry-cavendish-bentinck-born-lady-mary-acheson-i.jpg
neoklassizistismus,madame-de-saint-maurice-met-dp264503.jpg
neoklassizistismus,marble-table-found-in-the-triclinium-of-the-priests-and-bolt-the-door-of-the-cell-of-the-temple.jpg
neoklassizistismus,maria-fedorovna-by-daw2.JPG
neoklassizistismus,marie-antoinette-being-taken-to-her-execution-on-16-october-1793-william-hamilton.jpg
neoklassizistismus,meander-to-the-floor-in-mosaic-found-in-the-country-house.jpg
neoklassizistismus,monsieur-lavergne-jean-auguste-dominique-ingres.jpg
neoklassizistismus,mrs-clark-gayton-1779.jpg
neoklassizistismus,nicolas-antoine-taunay-retrato-de-f-lix-mile-taunay.jpg
neoklassizistismus,nicolas-antoine-taunay-s-o-lucas-evangelista.jpg
neoklassizistismus,nicolas-antoine-taunay-s-o-mateus-evangelista.jpg
neoklassizistismus,nicolas-antoine-taunay-vista-da-enseada-de-botafogo-1816.jpg
neoklassizistismus,nicolas-taunay-cascata-da-tijuca.jpg
neoklassizistismus,ntiv-hach-1165918-001.jpg
neoklassizistismus,obolensky-vasily-petrovich.jpg
neoklassizistismus,odysseyapollo.png
neoklassizistismus,olympus-the-fall-of-the-giants.jpg
neoklassizistismus,other-greek-marble-bas-relief-with-hercules-and-omphale-exists-in-the-same-museum-inc-f.jpg
neoklassizistismus,paolina-borghese-as-venus-victrix-1808.jpg
neoklassizistismus,perspective-of-the-rear.jpg
neoklassizistismus,photy-spassky.jpg
neoklassizistismus,plan-and-elevation-of-the-monument-of-the-waters-and-julia-marcia-tepula-porta-st-lorenzo.jpg
neoklassizistismus,plan-and-elevation-of-the-second-tavern-on-the-right.jpg
neoklassizistismus,plan-in-the-great-temple-of-isis.jpg
neoklassizistismus,plan-of-the-existing-factories-in-the-villa-adriana-with-a-dedication-to-st-m-stanislaus-1.jpg
neoklassizistismus,plan-of-the-existing-factories-in-the-villa-adriana-with-a-dedication-to-st-m-stanislaus-2.jpg
neoklassizistismus,plan-of-the-tomb-of-mamia-and-outbuildings-in-pompeii.jpg
neoklassizistismus,plan-of-tuscan-atrium-of-the-cavedio-house.jpg
neoklassizistismus,pompeo-batoni-peace-and-justice.jpg
neoklassizistismus,pompeo-batoni-ritratto-della-contessa-maria-benedetta-di-san-martino.jpg
neoklassizistismus,portr-t-eines-m-dchen-aus-retuna-l-opold-robert-001.jpg
neoklassizistismus,portrait-of-a-child-by-l-opold-robert-1831.jpg
neoklassizistismus,portrait-of-a-young-woman.jpg
neoklassizistismus,portrait-of-frédéric-desmarais.jpg
neoklassizistismus,portrait-of-jacques-louis-david-1824.jpg
neoklassizistismus,portrait-of-the-comtesse-vilain-xiiii-and-her-daughter-jacques-louis-david.jpg
neoklassizistismus,riverlandscape-with-mill.jpg
neoklassizistismus,saint-eusebius-carried-to-heaven-1757.jpg
neoklassizistismus,satyr-and-bacchante-bacchanalia.jpg
neoklassizistismus,seated-female-nude-by-a-fountain.jpg
neoklassizistismus,side-of-the-temple-of-vesta-in-tivoli.jpg
neoklassizistismus,side-view-of-the-temple-of-juno.jpg
neoklassizistismus,silenus-with-bacchus.jpg
neoklassizistismus,sir-john-armytage-2nd-baronet.jpg
neoklassizistismus,st-john-the-baptist-in-prayer-by-guercino.jpg
neoklassizistismus,st-teresa-with-child-jesus.jpg
neoklassizistismus,still-life-of-lemons-and-olives-pewter-plates-a-roemer-and-a-facon-de-venise-wine-glass-on-a-ledge.jpg
neoklassizistismus,studies-for-the-apotheosis-of-homer-1827.jpg
neoklassizistismus,study-for-the-adulteress-half-figure-with-folded-arms-from-guercino.jpg
neoklassizistismus,study-for-the-painting-phaedra-and-hippolytus.jpg
neoklassizistismus,temple-of-castor-and-pollux.jpg
neoklassizistismus,the-birth-of-pandora.jpg
neoklassizistismus,the-death-of-arthur.jpg
neoklassizistismus,the-marriage-of-meleager-and-atalantada-carav.jpg
neoklassizistismus,the-roman-antiquities-t-1-plate-xii-aqua-alsietina-1756.jpg
neoklassizistismus,the-roman-antiquities-t-1-plate-xix-1756.jpg
neoklassizistismus,the-roman-antiquities-t-1-plate-xxxix-1756.jpg
neoklassizistismus,the-roman-antiquities-t-1-plate-xxxviii-1756.jpg
neoklassizistismus,the-roman-antiquities-t-2-plate-v-1756.jpg
neoklassizistismus,the-roman-antiquities-t-2-plate-xii-prospectus-and-profile-of-a-tomb-of-the-previous-rooms-1756.jpg
neoklassizistismus,the-roman-antiquities-t-2-plate-xxxviii-cutaway-view-of-the-tomb-before-1756.jpg
neoklassizistismus,the-roman-antiquities-t-3-plate-iii-part-of-the-ancient-appian-way-about-five-miles-from-the.jpg
neoklassizistismus,the-roman-antiquities-t-3-plate-xlviii-decorative-details-of-the-walls-of-the-room-above.jpg
neoklassizistismus,the-roman-antiquities-t-3-plate-xxiv-more-insight-into-the-burial-chambers-above-drawing-by.jpg
neoklassizistismus,the-roman-antiquities-t-4-plate-xv-map-of-the-tiber-island-and-the-two-bridges-that-lead-to-it.jpg
neoklassizistismus,the-roman-antiquities-t-4-plate-xv-view-the-progress-of-one-of-the-stacks-of-the-triumphal.jpg
neoklassizistismus,the-roman-antiquities-t-4-plate-xxxvi-vista-of-a-second-part-of-the-arcades-of-the-theatre-of.jpg
neoklassizistismus,the-sisters-zenaide-and-charlotte-bonaparte-1821.jpg
neoklassizistismus,the-sortie-made-by-the-garrison-of-gibraltar-1789.jpg
neoklassizistismus,the-trevi-fountain-in-rome.jpg
neoklassizistismus,the-tribute-money-1782.jpg
neoklassizistismus,transparenter-b-rums-verk-1790.jpg
neoklassizistismus,tverskaya-street-and-triumphal-arch-in-the-strastnaya-square-1800.jpg
neoklassizistismus,vedute-di-roma-13.jpg
neoklassizistismus,vedute-di-roma-38.jpg
neoklassizistismus,vedute-di-roma-45.jpg
neoklassizistismus,vedute-di-roma-59.jpg
neoklassizistismus,vedute-di-roma-61.jpg
neoklassizistismus,vedute-di-roma-81.jpg
neoklassizistismus,venus-1.jpg
neoklassizistismus,venus-and-cupid.jpg
neoklassizistismus,venus-and-mars-1722.jpg
neoklassizistismus,vestibule-of-an-ancient-temple.jpg
neoklassizistismus,view-of-one-of-circus-with-other-monuments-in-ancient.jpg
neoklassizistismus,view-of-the-basilica-of-st-sebastian-outside-the-walls-in-rome-on-the-appian-way.jpg
neoklassizistismus,view-of-the-fortress-of-st-peter-and-paul-and-the-palace-embankmant-1799.jpg
neoklassizistismus,view-of-the-sovereign-s-palace-and-the-church-of-the-annunciation-in-the-rye-yard.jpg
neoklassizistismus,view-of-the-temple-of-concord.jpg
neoklassizistismus,vincenzo-camuccini-amp-tommaso-piroli-the-death-of-priam-1794-95.jpg
neoklassizistismus,william-gordon-batoni.jpg
neoklassizistismus,william-roscoe-1813.jpg
neoklassizistismus,woman-sometimes-identified-as-the-princesse-de-lamballe-met-147763.jpg
post-impressionismus,1883autoportrait.jpg
post-impressionismus,1905la-femme-de-m-nage.jpg
post-impressionismus,a-pair-of-shoes-1887(1).jpg
post-impressionismus,abramtsevo-landscape-with-carpentry-1911.jpg
post-impressionismus,adult-coloring-3840763.jpg
post-impressionismus,alley-of-poplars-1900.jpg
post-impressionismus,barra-1903-1.jpg
post-impressionismus,blue-pot-and-bottle-of-wine-1902.jpg
post-impressionismus,bluebells-1903.jpg
post-impressionismus,boats.jpg
post-impressionismus,bouquet-of-flowers.jpg
post-impressionismus,boys-fishing-1900.jpg
post-impressionismus,breton-boys-wrestling-1888.jpg
post-impressionismus,breton-girls-dancing-1888.jpg
post-impressionismus,bridge-over-the-marne-1888.jpg
post-impressionismus,chestnut-tree-in-blossom-1890(1).jpg
post-impressionismus,cliffs-at-cape-frehel-1905-1.jpg
post-impressionismus,cliffs-of-etretat-1902.jpg
post-impressionismus,cottages-with-three-figures-1890(1).jpg
post-impressionismus,crouching-woman-with-red-hair-1897.jpg
post-impressionismus,dance-hall-1885(1).jpg
post-impressionismus,deer-1893.jpg
post-impressionismus,display-image-18.jpg
post-impressionismus,display-image-7.jpg
post-impressionismus,entrance-to-a-quarry-1889(1).jpg
post-impressionismus,feast-of-the-redeemer.jpg
post-impressionismus,female-nude-in-profile-1906.jpg
post-impressionismus,female-portrait-voronova-study-1898.jpg
post-impressionismus,fiesta.jpg
post-impressionismus,flowering-garden-1888(1).jpg
post-impressionismus,flowers.jpg
post-impressionismus,fruit-tree-1907.jpg
post-impressionismus,garden-behind-a-house-1888(1).jpg
post-impressionismus,girl-before-a-bed-1905.jpg
post-impressionismus,girl-reading-at-a-window-1911.jpg
post-impressionismus,going-rowing-1905.jpg
post-impressionismus,green-wheat-fields-1890(1).jpg
post-impressionismus,guinguette-1886(1).jpg
post-impressionismus,head-of-a-peasant-with-cap(1).jpg
post-impressionismus,head-of-a-woman-1886-1.jpg
post-impressionismus,head-of-a-woman-1886.jpg
post-impressionismus,hill-with-the-ruins-of-montmajour-1888.jpg
post-impressionismus,house-at-saint-tropez-1905.jpg
post-impressionismus,in-the-library-also-known-as-three-school-girls.jpg
post-impressionismus,in-the-woods-1885.jpg
post-impressionismus,indian-village-alert-bay-1912.jpg
post-impressionismus,interior-of-a-farm-with-figures-at-the-fireside-1890.jpg
post-impressionismus,interior-of-a-restaurant-in-arles-1888.jpg
post-impressionismus,jozef-pankiewicz23.jpg
post-impressionismus,kochel-gabriele-munter-1902(1).jpg
post-impressionismus,lake-lovitel-1904.jpg
post-impressionismus,landscape-by-a-brook-1908.jpg
post-impressionismus,landscape-with-couple-walking-and-crescent-moon-1890(1).jpg
post-impressionismus,landscape-with-palm-tree-and-blooming-flowerbed.jpg
post-impressionismus,landscape-with-two-goats-1897.jpg
post-impressionismus,large-lenggries-horses-1908.jpg
post-impressionismus,louise-the-breton-servant-1890.jpg
post-impressionismus,madame-cezanne-in-a-yellow-chair.jpg
post-impressionismus,man-s-head-1883.jpg
post-impressionismus,men-in-front-of-the-counter-in-a-cafe-1890.jpg
post-impressionismus,merry-go-round-nahant.jpg
post-impressionismus,misia-with-a-pink-corsage-1908.jpg
post-impressionismus,mont-sainte-victoire-ca-1904-06.jpg
post-impressionismus,moonrise-1901.jpg
post-impressionismus,moulin-rouge-the-departure-of-the-quadrille-1892.jpg
post-impressionismus,my-utrillo-at-the-age-of-nine-1892.jpg
post-impressionismus,near-the-estuary-of-the-seine.jpg
post-impressionismus,near-the-harbor.jpg
post-impressionismus,not-detected-1.jpg
post-impressionismus,passing-through-the-bar-1898.jpg
post-impressionismus,peasant-woman-with-a-rake-after-millet-1889.jpg
post-impressionismus,petit-dalles-at-normandy-1908.jpg
post-impressionismus,pianist-1887.jpg
post-impressionismus,plaster-statuette-of-a-female-torso-1886-5.jpg
post-impressionismus,portrait-of-armand-roulin-1888-1.jpg
post-impressionismus,portrait-of-berthe-bady-1897.jpg
post-impressionismus,portrait-of-doctor-gachet-1890.jpg
post-impressionismus,portrait-of-dr-dumouchel-1910.jpg
post-impressionismus,portrait-of-patience-escalier-1888-1.jpg
post-impressionismus,portrait-of-thadée-natanson.jpg
post-impressionismus,prizrenka-ciganka-1905.jpg
post-impressionismus,promenade-at-nantasket.jpg
post-impressionismus,reentering-port-at-douarnenez-finistere-1906.jpg
post-impressionismus,road-near-mont-sainte-victoire.jpg
post-impressionismus,rocks-and-sea-1886.jpg
post-impressionismus,roderic-o-conor-farm-at-lezaven.jpg
post-impressionismus,roderic-o-conor-reclining-nude.jpg
post-impressionismus,roofs-in-l-estaque-1882.jpg
post-impressionismus,sailboats-at-chatou-1.jpg
post-impressionismus,saint-tropez-le-coucher-de-soleil-by-henri-manguin.jpg
post-impressionismus,self-portrait-1887-5.jpg
post-impressionismus,self-portrait-1910.jpg
post-impressionismus,self-portrait-1911.jpg
post-impressionismus,sheet-with-sketches-of-working-people-1890-1.jpg
post-impressionismus,silence-indoors-1900.jpg
post-impressionismus,sketch-of-a-lady-with-striped-dress-and-hat-and-of-another-lady-half-figure-1890.jpg
post-impressionismus,sketch-of-the-painting-the-potato-eaters-1890.jpg
post-impressionismus,still-life-peppermint-bottle-1895.jpg
post-impressionismus,still-life-vase-with-cornflowers-and-poppies-1887.jpg
post-impressionismus,still-life-vase-with-fourteen-sunflowers-1889.jpg
post-impressionismus,still-life-with-a-profile-of-mimi-1890.jpg
post-impressionismus,still-life-with-apples-a-pear-and-a-ceramic-portrait-jug-1889-oil-on-panel-1889.jpg
post-impressionismus,still-life-with-four-sunflowers-1887.jpg
post-impressionismus,still-life-with-fruits-and-vegetables.jpg
post-impressionismus,still-life-with-grapes-pears-and-lemons-1887-1.jpg
post-impressionismus,still-life-with-irises-1890.jpg
post-impressionismus,still-life-with-parrots-1902.jpg
post-impressionismus,still-life-with-three-puppies-1888.jpg
post-impressionismus,street-in-eragny-sur-oise-or-dogs-in-eragny-1893.jpg
post-impressionismus,summer-evening-france-1910.jpg
post-impressionismus,sunset-margat-1900.jpg
post-impressionismus,tahitian-eve-1892.jpg
post-impressionismus,tahitian-landscape-1891.jpg
post-impressionismus,tambourine-with-pansies-1886.jpg
post-impressionismus,terrace-of-a-cafe-on-montmartre-la-guinguette-1886.jpg
post-impressionismus,the-abandoned-house-1879.jpg
post-impressionismus,the-alley-at-chantilly-1888-2.jpg
post-impressionismus,the-aqueduct-at-nogent-sur-marne-1911.jpg
post-impressionismus,the-big-maria-venus-mintmartre-1884.jpg
post-impressionismus,the-entrance-to-harbour-sauzon-1905.jpg
post-impressionismus,the-garden-of-saint-paul-hospital-with-figure-1889.jpg
post-impressionismus,the-grounds-of-the-asylum-1889.jpg
post-impressionismus,the-gulf-of-marseille-seen-from-l-estaque-1.jpg
post-impressionismus,the-madame-redoing-her-bun-1893.jpg
post-impressionismus,the-moulin-de-la-galette-1886.jpg
post-impressionismus,the-painter-s-model-helene-vary-in-the-studio-1889.jpg
post-impressionismus,the-pont-saint-michel-and-notre-dame-1905.jpg
post-impressionismus,the-pool-of-tuileries-1901.jpg
post-impressionismus,the-port-of-saint-goustan-1912.jpg
post-impressionismus,the-seller-of-oranges-1881.jpg
post-impressionismus,the-shore-at-duarnenez.jpg
post-impressionismus,the-starry-night-1889.jpg
post-impressionismus,to-troyitsa-1903.jpg
post-impressionismus,trees-in-the-garden-of-the-asylum-1889.jpg
post-impressionismus,trunks-of-trees-with-ivy-1889.jpg
post-impressionismus,two-friends-1904-1.jpg
post-impressionismus,two-girls-bathing-1887.jpg
post-impressionismus,two-peasant-women-digging-in-field-with-snow-1890.jpg
post-impressionismus,two-poplars-on-a-hill-1889.jpg
post-impressionismus,two-women-working-in-the-field-1890.jpg
post-impressionismus,view-of-pont-aven-from-lezaven-1888.jpg
post-impressionismus,vincent-van-gogh-1.png
post-impressionismus,wheat-field-in-rain-1889.jpg
post-impressionismus,white-frost-1909.jpg
post-impressionismus,window-overlooking-the-woods.jpg
post-impressionismus,woman-in-a-green-dress-in-a-garden.jpg
post-impressionismus,woman-in-the-garden-1891.jpg
post-impressionismus,woman-with-jewelery-1901.jpg
post-impressionismus,young-breton-by-the-sea-1889.jpg
post-impressionismus,zouave-1888(1).jpg
protorenaissance,a-female-saint-1340.jpg
protorenaissance,adoration-of-the-magi-fragment-1311.jpg
protorenaissance,adoration-of-the-magi.jpg
protorenaissance,annunciation-to-st-anne.jpg
protorenaissance,apostle-matthias-1311.jpg
protorenaissance,apostle-philip-1311.jpg
protorenaissance,apparition-to-fra-agostino-and-to-bishop-guido-of-arezzo-1300.jpg
protorenaissance,appearance-of-christ-to-the-apostles-fragment-1311-2.jpg
protorenaissance,appearance-of-christ-to-the-apostles-fragment-1311-3.jpg
protorenaissance,appearance-of-christ-to-the-apostles-fragment-1311.jpg
protorenaissance,arrest-of-christ-1311.jpg
protorenaissance,ascension-of-the-evangelist-1320.jpg
protorenaissance,assumption-fragment-1311.jpg
protorenaissance,badia-polyptych-1302(1).jpg
protorenaissance,baroncelli-polyptych.jpg
protorenaissance,canonization-of-st-francis-1300.jpg
protorenaissance,cappella-rinuccini-02.jpg
protorenaissance,cappella-rinuccini-03.jpg
protorenaissance,cappella-rinuccini-07.jpg
protorenaissance,cappella-rinuccini-09.jpg
protorenaissance,cappella-rinuccini-10.jpg
protorenaissance,cappella-rinuccini-13.jpg
protorenaissance,charity.jpg
protorenaissance,christ-before-caiaphas-1311.jpg
protorenaissance,christ-before-caiaphas.jpg
protorenaissance,christ-before-pilate-1311.jpg
protorenaissance,christ-blessing-by-luca-di-tomm.jpg
protorenaissance,christ-in-front-of-anna-fragment-1311.jpg
protorenaissance,christ-preaches-the-apostles-fragment-1311.jpg
protorenaissance,christ-washing-the-disciples-feet.jpg
protorenaissance,confirmation-of-the-rule-1299.jpg
protorenaissance,confirmation-of-the-rule.jpg
protorenaissance,crevole-madonna.jpg
protorenaissance,crucifixion-2.jpg
protorenaissance,crucifixion-fragment-1311-1.jpg
protorenaissance,descent-from-the-cross-fragment-1311.jpg
protorenaissance,doge-francesco-dandolo-and-his-wife-presented-to-the-madonna-1339.jpg
protorenaissance,dream-of-the-palace-1299.jpg
protorenaissance,entry-into-jerusalem-fragment-1311.jpg
protorenaissance,flagellation-of-christ-1311.jpg
protorenaissance,flagellation.jpg
protorenaissance,foolishness.jpg
protorenaissance,giovanni-da-milano-annunciazione-1355-60-ca-01.jpg
protorenaissance,giovanni-da-milano-coronaci-n-de-la-virgen.JPG
protorenaissance,giovanni-da-milano-e-matteo-di-pacino-resurrezione-di-lazzaro-1363-66-04.jpg
protorenaissance,giovanni-da-milano-gioacchino-cacciato-dal-tempio-1363-66-03.jpg
protorenaissance,giovanni-da-milano-martirio-di-s-barnaba-1355-60-ca-01.jpg
protorenaissance,giovanni-da-milano-martirio-di-s-caterina-1355-60-ca-01.jpg
protorenaissance,giovanni-da-milano-nascita-della-vergine-1363-66-04.jpg
protorenaissance,giovanni-da-milano-nativit-1355-60-ca-02.jpg
protorenaissance,giovanni-da-milano-polittico-di-ognissanti-05.jpg
protorenaissance,giovanni-da-milano-polittico-di-ognissanti-06.jpg
protorenaissance,giovanni-da-milano-polittico-di-prato-1353-1363-da-spedale-della-misericordia-03.JPG
protorenaissance,giovanni-da-milano-polittico-di-prato-1353-1363-da-spedale-della-misericordia-predella-02-adorazione.JPG
protorenaissance,giovanni-da-milano-polittico-di-prato-1353-1363-da-spedale-della-misericordia-predella-03.JPG
protorenaissance,giovanni-da-milano-polittico-di-prato-1353-1363-da-spedale-della-misericordia-predella-05-via-crucis.JPG
protorenaissance,giovanni-da-milano-polittico-di-prato-1353-1363-da-spedale-della-misericordia-predella-2-02.JPG
protorenaissance,giovanni-da-milano-polittico-di-prato-1353-1363-da-spedale-della-misericordia-predella-2-04-martirio.JPG
protorenaissance,giovanni-da-milano-san-francesco-d-assisi-1363-66-01.jpg
protorenaissance,giovanni-da-milano-volta-con-profeti-1363-66-03-redentore.jpg
protorenaissance,giovanni-da-milano-volta-con-profeti-1363-66-0geremia.jpg
protorenaissance,giovanni-da-milano-volta-con-profeti-1363-66-ezechiele.jpg
protorenaissance,giovannidamilano.jpg
protorenaissance,god-sends-gabriel-to-the-virgin-1306.jpg
protorenaissance,gualino-madonna.jpg
protorenaissance,healing-the-man-born-blind-fragment-1311.jpg
protorenaissance,hope.jpg
protorenaissance,inconstancy-1306.jpg
protorenaissance,infidelity-1306.jpg
protorenaissance,isac-blessing-jacob.jpg
protorenaissance,joachim-s-sacrificial-offering.jpg
protorenaissance,lamentation-the-mourning-of-christ.jpg
protorenaissance,last-supper.jpg
protorenaissance,luca-di-tomm-crocifissione-1365-ca.JPG
protorenaissance,luca-di-tomm-crocifissione-1370-ca.JPG
protorenaissance,luca-di-tomm-italian-active-1355-1389-saint-john-the-baptist-google-art-project.jpg
protorenaissance,luca-di-tomm-madonna-col-bambino-tra-i-santi-ludovico-di-tolosa-e-michele-ante-1362.JPG
protorenaissance,luca-di-tomm-madonna-col-bambino-tra-i-santi-nicola-e-paolo-1370-ca.JPG
protorenaissance,luca-di-tomm-s-g-battista-1370-80-ca.JPG
protorenaissance,luca-di-tomm-scenes-from-the-life-of-st-thomas-wga13740.jpg
protorenaissance,luca-di-tomm-st-bernard-degli-uberti.jpg
protorenaissance,luca-di-tomm-st-john-gualbert-1.jpg
protorenaissance,luca-di-tomm-virgin-and-child-with-saint-1943-245-yale-university-art-gallery.jpg
protorenaissance,madonna-1300.jpg
protorenaissance,madonna-and-child-2.jpg
protorenaissance,madonna-and-child-fragment-1.jpg
protorenaissance,madonna-and-child-fragment-2.jpg
protorenaissance,madonna-and-child-on-a-throne-1311.jpg
protorenaissance,madonna-and-child-on-a-throne-front-side-fragment-1311-13.jpg
protorenaissance,madonna-and-child-on-a-throne-front-side-fragment-1311-14.jpg
protorenaissance,madonna-and-child-on-a-throne-front-side-fragment-1311-16.jpg
protorenaissance,madonna-and-child-on-a-throne-front-side-fragment-1311-5.jpg
protorenaissance,madonna-and-child-on-a-throne-front-side-fragment-1311-7.jpg
protorenaissance,madonna-and-child-on-a-throne-front-side-fragment-1311-8.jpg
protorenaissance,madonna-and-child-on-a-throne-front-side-fragment-1311-9.jpg
protorenaissance,madonna-and-child-with-angels-and-saints-1400.jpg
protorenaissance,madonna-of-the-franciscans.jpg
protorenaissance,madonna-of-the-poppy-1325.jpg
protorenaissance,marriage-at-cana.jpg
protorenaissance,mockery-of-christ-1311.jpg
protorenaissance,museo-bardini-tavola-san-giovanni-battista.JPG
protorenaissance,nativity.jpg
protorenaissance,ognissanti-polyptych-reconstruction.jpg
protorenaissance,pala-feriale-1345.jpg
protorenaissance,pentecost-2(1).jpg
protorenaissance,pieta.jpg
protorenaissance,pietro-lorenzetti-madonna-col-bambino-fra-otto-angeli-google-art-project.jpg
protorenaissance,pietro-lorenzetti-madonna-with-chid-google-art-project-27822073.jpg
protorenaissance,pietro-lorenzetti-madonna-with-child-google-art-project.jpg
protorenaissance,pilate-washes-his-hands-1311.jpg
protorenaissance,polyptych-1350-1.jpg
protorenaissance,polyptych-1354.jpg
protorenaissance,polyptych.jpg
protorenaissance,pope-boniface-viii-receiving-st-louis-of-toulouse-as-a-novice-1327.jpg
protorenaissance,predella-panel-hermits-at-the-fountain-of-elijah-1329.jpg
protorenaissance,predella-panel-st-albert-presents-the-rule-to-the-carmelites-1329.jpg
protorenaissance,predella-panel-the-pope-issues-a-bull-to-a-carmelite-delegation-1329.jpg
protorenaissance,presentation-of-christ-in-the-temple.jpg
protorenaissance,prophets-isaiah-1311.jpg
protorenaissance,raising-of-lazarus-fragment-1311.jpg
protorenaissance,renunciation-of-peter-fragment-1311.jpg
protorenaissance,resurrection-noli-me-tangere.jpg
protorenaissance,rowned-female-figure-1340.jpg
protorenaissance,saint-gregory-1400.jpg
protorenaissance,scenes-from-passion-of-christ-1308.jpg
protorenaissance,scenes-of-the-life-of-st-nicholas-1332-1.jpg
protorenaissance,st-francis-appears-to-st-anthony-in-arles-1325.jpg
protorenaissance,st-francis-mourned-by-st-clare-1300.jpg
protorenaissance,st-francis-renounces-all-worldly-goods-1299.jpg
protorenaissance,st-jerome-checking-the-stigmata-on-the-body-of-st-francis-1300.jpg
protorenaissance,st-paul.jpg
protorenaissance,st-stephen-1325.jpg
protorenaissance,temperance.jpg
protorenaissance,the-annunciation-1350.jpg
protorenaissance,the-apostle-james-alphaeus-1311.jpg
protorenaissance,the-apostles-of-maria-fragment-1311-1.jpg
protorenaissance,the-baptism-of-christ.jpg
protorenaissance,the-birth-of-the-virgin.jpg
protorenaissance,the-charity-of-saint-nicholas-of-bari-left-wing-of-the-altarpiece-1330.jpg
protorenaissance,the-crucifixion-3.jpg
protorenaissance,the-crucifixion-4.jpg
protorenaissance,the-death-of-mary-fragment-1311.jpg
protorenaissance,the-madonna-and-child-with-saints-1310.jpg
protorenaissance,the-massacre-of-the-innocents-1.jpg
protorenaissance,the-suitors-praying.jpg
protorenaissance,the-virgin-and-child-on-a-throne-fragment-1311.jpg
protorenaissance,virgin-mary-and-child-1354.jpg
protorenaissance,washing-of-feet-1311.jpg
protorenaissance,washing-of-feet-fragment-1311-1.jpg
protorenaissance,window-showing-the-death-assumption-and-coronation-of-the-virgin-1288.jpg
realismus,1-2.jpg
realismus,1024px-augustins-la-halte-forc-e-alexandre-antigna-ro-1-1.jpg
realismus,3eaa2f1c-f7ae-4ac3-8336-db0fb798de58.jpg
realismus,5-the-horse-fair-rosa-bonheur.jpg
realismus,512px-wantrouwen-objectnr-a-15241-1.jpg
realismus,52c21083-6378-4890-9e08-c5fcdc4a9f71.jpg
realismus,5b7150d9edc2c923f8fded87.jpg
realismus,866px-august-von-pettenkofen-ruhende-soldaten-im-ungarischen-feldzug-1850.jpeg
realismus,a-carafe-of-wine-and-plate-of-fruit-on-a-white-tablecloth-1865.jpg
realismus,a-cow-grazing-beneath-a-birch-tree.jpg
realismus,a-korzukhin-p-5.jpg
realismus,a-newspaper-seller-in-paris-1873.jpg
realismus,a-square-in-la-roche-guyon.jpg
realismus,a-view-of-thiers-in-the-auvergne.jpg
realismus,a-young-woman-reading-1868.jpg
realismus,about-the-war-1873.jpg
realismus,alfred-cadart-founder-of-the-societe-des-aqua-fortistes-1870.jpg
realismus,antilian-landscape-st-thomas-1856.jpg
realismus,anton-romako-5561949-1.jpg
realismus,august-pettenkofen-szolnok-vid-ki-l-paraszt.jpg
realismus,august-von-pettenkofen-badende-5232-sterreichische-galerie-belvedere-1.jpg
realismus,benjamin-delessert-industrial-and-mp.jpg
realismus,bivouac-in-the-desert-convoy-chumakov-1867-1.jpg
realismus,boarding-the-yacht.jpg
realismus,boldini-g-ritratto-di-diego-martell-ok-jwt9ukn9q-transformed.jpeg
realismus,bolshaya-neva-1872.jpg
realismus,boy-blowing-bubbles-1869.jpg
realismus,burlak-with-the-cap-in-his-hand-1866.jpg
realismus,caricature-of-william-bathurst-5th-earl-bathurst.jpg
realismus,clément-françois-victor-gabriel-prunelle-1774-1853-doctor-major-of-lyon-and-deputy.jpg
realismus,communion-of-dying.jpg
realismus,coppice-noon-1872.jpg
realismus,corn-husking-1860.jpg
realismus,count-charles-francois-malo-de-lameth-deputy.jpg
realismus,defense-attorney.jpg
realismus,dr-veron-1.jpg
realismus,engelsburg-1872.jpg
realismus,fans-of-nightingales-1873.jpg
realismus,fe0ba26e-7a00-44ab-8533-71d2acdba872.jpg
realismus,filia-8.png
realismus,fisherman-1871.jpg
realismus,fisherwoman-douarnenez-1870.jpg
realismus,florence-the-boboli-gardens.jpg
realismus,gallery-with-armor-bearer-giuseppe-abbati-giuseppe-abbati-05057-1556882265.jpg
realismus,giuseppe-or-joseph-de-nittis-rain-of-ashes-meisterdrucke-944189.jpg
realismus,grandfather-of-the-russian-fleet-1871.jpg
realismus,head-of-a-bearded-man-1862-1.jpg
realismus,his-only-friend-1871(1).jpg
realismus,in-a-park.jpg
realismus,in-einer-feldschule-des-wallensteinschen-lagers-originalzeichnung-von-adolf-eberle.png
realismus,ingres-roger-deliverant-angelique.jpg
realismus,ippolito-caffi-roma-piazza-san-pietro-1836.jpg
realismus,jean-louis-ernest-meissonier-domenica-a-poissy.JPG
realismus,jean-ponce-guillaume-viennet-1777-1868-deputy-peer-of-france-and-academician-1833.jpg
realismus,jean-vatout-deputy.jpg
realismus,kamennoostrovsky-bridge.jpg
realismus,landscape-vichy-1866.jpg
realismus,landscape-with-a-hunter-valaam-island-1867.jpg
realismus,laundress-on-the-banks-of-the-river.jpg
realismus,lega-il-bindolo-0.jpg
realismus,lne-wmg-bro35-001.jpg
realismus,lormes-a-waterfall-with-a-standing-peasant-spinning-wool-1842.jpg
realismus,ludwig-knaus-kartenspielende-schusterjungen-ca-1861.jpg
realismus,madame-corot-the-artist-s-mother-born-marie-francoise-oberson.jpg
realismus,men-of-the-day-no-100-caricature-of-gen-louis-jules-trochu-caption-reads.jpg
realismus,men-or-women-of-the-day-no-300-caricature-of-don-manuel-rances-y-villanueva.jpg
realismus,monk-in-white-seated-reading.jpg
realismus,mr-joliv-adolphe-joliv.jpg
realismus,not_detected_198921.jpg
realismus,not_detected_198929.jpg
realismus,not_detected_198935(1).jpg
realismus,off-to-market-anton-romako-1.jpg
realismus,ojibwe-wigwam-at-grand-portage-1857.jpg
realismus,on-the-shore.jpg
realismus,painter-mathias-moreno-1867.jpg
realismus,pastoral-scene.jpg
realismus,peasand-spreading-manure-1855.jpg
realismus,penelopa-s-dream.jpg
realismus,peonies-in-a-vase-1864.jpg
realismus,peony-stem-and-shears-1864.jpg
realismus,pharmacist-1871.jpg
realismus,pine-on-the-cliff-1855.jpg
realismus,pinelli.jpg
realismus,pluckmakers-1871.jpg
realismus,pond-at-the-sunset.jpg
realismus,portrait-of-a-young-woman-dressed-in-black-velvet-1863.jpg
realismus,portrait-of-emile-zola-1868.jpg
realismus,portrait-of-f-ye-yakovlev-1847.jpg
realismus,portrait-of-monsieur-tillet.jpg
realismus,portrait-of-nastya-havskaya.jpg
realismus,portrait-of-spanish-general.jpg
realismus,portrait-of-the-composer-anton-rubinstein-1870.jpg
realismus,portrait-of-the-historian-mikhail-pogodin-1872.jpg
realismus,portrait-of-wilkie-collins.jpg
realismus,recollections-of-pierrefonds-1861.jpg
realismus,remembrances-of-st-pelagie-souvenir-de-ste-pélagie.jpg
realismus,rocks-at-mouthier.jpg
realismus,sappho-off-sandy-hook-lightship-1870.jpg
realismus,sarah-osgood-johnson-newton-1856.jpg
realismus,scene-on-a-grave-1859.jpg
realismus,sioux-war-council.jpg
realismus,slavic-composers-1872.jpg
realismus,sleeping-nude-woman-1862.jpg
realismus,snap-the-whip.jpg
realismus,souvenir-of-the-lake-nemi-region-1865.jpg
realismus,sparrow-hills-near-moscow.jpg
realismus,statesmen-no-370-caricature-of-thomas-dundas-2nd-earl-of-zetland.jpg
realismus,still-life-with-vegetable.jpg
realismus,stone-in-the-forest-near-the-spill-1850.jpg
realismus,study-in-the-forest-of-fontainebleau.jpg
realismus,th-odore-gericault-head-of-a-youth-google-art-project.jpg
realismus,the-arch-of-constantine-and-the-forum-rome-1843.jpg
realismus,the-balcony-1869.jpg
realismus,the-bathers-1858.jpg
realismus,the-beach-sunset-1867.jpg
realismus,the-chapel-notre-dame-de-grace-at-honfleur.jpg
realismus,the-collier-s-hut.jpg
realismus,the-counterfeiters-1853.jpg
realismus,the-fairies-pond-1866.jpg
realismus,the-honfleur-lighthouse.jpg
realismus,the-japanese-parisian-1872.jpg
realismus,the-large-shepherdess.jpg
realismus,the-last-evening.jpg
realismus,the-martyrdom-of-st-sebastian-1865.jpg
realismus,the-morning-after-the-revolution-valparaiso.jpg
realismus,the-origin-of-the-world.jpg
realismus,the-passer-1855.jpg
realismus,the-picture-book-1855.jpg
realismus,the-ragpicker-1869.jpg
realismus,the-river-meuse-at-dordrecht-1872.jpg
realismus,the-shore-cloudy-day-1869.jpg
realismus,the-source-among-the-rocks-of-the-doubs-1871.jpg
realismus,the-spinner.jpg
realismus,the-way.jpg
realismus,the-young-sweep-1863.jpg
realismus,tomb-on-the-banks-of-the-volga-1871.jpg
realismus,tout-vient-qui-sait-attendre.jpg
realismus,trees.jpg
realismus,turkmens-representing-war-trophies-to-khiva-khan-1868.jpg
realismus,view-of-pierrefonds.jpg
realismus,view-of-the-colosseum-from-the-farnese-gardens-1826.jpg
realismus,village.jpg
realismus,ville-d-avray-the-pond-and-the-cabassud-house.jpg
realismus,vincenzo-cabianca-la-filatrice-1862-collezione-privata.jpg
realismus,volga.jpg
realismus,what-s-sauce-for-the-goose.jpg
realismus,white-rockets-and-fruit-1869.jpg
realismus,white-roses-1873.jpg
realismus,wooded-banks-of-the-moskva-river-1859.jpg
realismus,yawning-apprentice-1869.jpg
rokkoko,188844fe0303fffb23324f9a3014987b.jpg
rokkoko,4-night-scene-from-the-inquisition-francisco-goya.jpg
rokkoko,a-lady-in-a-brown-dress-the-parson-s-daughter-1785.jpg
rokkoko,a-lean-diet-with-cooking-utensils-1731.jpg
rokkoko,a-scene-from-the-forcibly-bewitched-francisco-goya.jpg
rokkoko,admiral-sir-edward-hughes.jpg
rokkoko,allegory-of-wisdom-1755(3).jpg
rokkoko,angel-1760.jpg
rokkoko,anna-dorothea-louise-schmidt-n-e-baroness-klossen.jpg
rokkoko,anna-maria-hunt-c-1771-1861-the-honourable-mrs-charles-agar-bagenal-1793.jpg
rokkoko,anne-bateman-later-mrs-john-gisbourne-1755.jpg
rokkoko,anne-countess-of-albemarle-and-her-son-1779.jpg
rokkoko,annunciation-1750.jpg
rokkoko,apotheosis-of-hercules-1765.jpg
rokkoko,archangel-gavriil.jpg
rokkoko,aubrey-earl-of-burford-later-6th-duke-of-st-albans-1765-1815-by-lemuel-francis-abbott.jpg
rokkoko,beer-street-1751.jpg
rokkoko,cajoler-1708.jpg
rokkoko,capriccio-with-ruins-and-porta-portello-in-padua.jpg
rokkoko,carle-van-loo-neptune-and-amymone.jpg
rokkoko,charles-andr-van-loo-self-portrait-wga13432.jpg
rokkoko,cymon-and-iphigenia-1773.jpg
rokkoko,dead-crane.jpg
rokkoko,dur-dbm-298-001.jpg
rokkoko,earl-s-portrait-of-elijah-boardman-1789.jpg
rokkoko,edward-smallwell-1721-1799-bishop-of-oxford-1796.jpg
rokkoko,ekaterina-i-kutuzova-wife-of-russian-field-marshal-m-i-kutuzov-1795.jpg
rokkoko,elizabeth-calvert.jpg
rokkoko,elizabeth-drax-countess-of-berkeley-1760.jpg
rokkoko,farmyard-scene.jpg
rokkoko,finding-of-moses.jpg
rokkoko,francis-xavier-landing-in-china-1753.jpg
rokkoko,francois-dachery-childhood-friend-of-maurice-quentin-de-la-tour.jpg
rokkoko,frederick-ii-of-prussia-as-general-1745.jpg
rokkoko,gainsborough.jpg
rokkoko,game-still-life-with-hunting-dog.jpg
rokkoko,greek-woman-at-the-bath-1767.jpg
rokkoko,italian-landscape-morning-1765.jpg
rokkoko,italian-recreation.jpg
rokkoko,italianate-landscape-with-a-distant-town-and-a-mountain.jpg
rokkoko,jakob-von-keith.jpg
rokkoko,james-clitherow-1731-1805-1780.jpg
rokkoko,jean-baptiste-oudry-dog-with-a-wild-duck-meisterdrucke-158191.jpg
rokkoko,jean-baptiste-oudry-fische-seevuegel-und-papgeien-meisterdrucke-693185.jpg
rokkoko,jean-baptiste-oudry-landscape-with-watermill-1740-meisterdrucke-122478.jpg
rokkoko,jean-etienne-liotard-24.JPG
rokkoko,jean-restout-1.jpg
rokkoko,jean-tienne-liotard-portret-van-graaf-herman-maurits-van-saksen.jpg
rokkoko,jean-tienne-liotard-selbstbildnis-im-t-rkischen-kost-m-ca-1750.jpg
rokkoko,joachim-rendorp-by-jean-etienne-liotard.jpg
rokkoko,john-1st-viscount-kilmorey.jpg
rokkoko,john-charles-spencer-viscount-althorp-1786.jpg
rokkoko,john-hall-1785.jpg
rokkoko,john-mcarthur-1755-1840-writer-on-naval-topics-1795.jpg
rokkoko,john-richard-west-1757-1783-4th-earl-de-la-warr.jpg
rokkoko,john-spencer-1st-earl-spencer.jpg
rokkoko,john-wilkes-1763.jpg
rokkoko,joseph-marie-vien-houses-and-a-garden-on-a-hillside-in-italy-1744-1750-nga-62510.jpg
rokkoko,king-george-iii.jpg
rokkoko,l-amiti-sous-les-traits-de-mme-de-pompadour-pigalle-louvre.jpg
rokkoko,lady-hamilton-as-the-persian-sibyl-1792.jpg
rokkoko,lemoyne-francois-cephalus-and-aurora.jpg
rokkoko,leopard-in-a-cage-confronted-by-two-mastiffs-jean-baptiste-oudry-nationalmuseum-17866.jpg
rokkoko,llyn-y-cau-cader-idris.jpg
rokkoko,lodewijk-xv.jpg
rokkoko,london-westminster-bridge-under-repair-1749.jpg
rokkoko,louis-xvi-chambord.jpg
rokkoko,madame-de-mondonville.jpg
rokkoko,mary-duchess-of-montagu.jpg
rokkoko,master-richard-meyler-1795-aged-3-or-4-1795.jpg
rokkoko,matilda-stoughton-de-jaudenes-1794.jpg
rokkoko,mezzetin-1719.jpg
rokkoko,minuet-1756.jpg
rokkoko,miss-elizabeth-ingram.jpg
rokkoko,morning-the-benevolent-sportsman-1792.jpg
rokkoko,mr-and-mrs-william-hallett-the-morning-walk-1785.jpg
rokkoko,mr-coke-of-brookhill.jpg
rokkoko,mrs-graham.jpg
rokkoko,mrs-mary-robinson-1781.jpg
rokkoko,mrs-musters-1780.jpg
rokkoko,mrs-newbery-1784.jpg
rokkoko,mrs-richard-brinsley-sheridan-1786.jpg
rokkoko,ntiv-hart-1548144-001.jpg
rokkoko,philip-dormer-stanhope-4th-earl-of-chesterfield.jpg
rokkoko,pompeo-batoni-dido-and-aeneas-1747.jpg
rokkoko,pompeo-batoni-martirio-di-s-bartolomeo-1749-da-s-ponziano-lu.JPG
rokkoko,pompeo-batoni-painting-self-portrait.jpg
rokkoko,pompeo-girolamo-batoni-portrait-of-robert-udny-1722-1802.jpg
rokkoko,portrait-of-a-grand-vizier.jpg
rokkoko,portrait-of-ann-barbara-hill-medlycott-1788.jpg
rokkoko,portrait-of-count-g-g-kushelev.jpg
rokkoko,portrait-of-countess-a-s-protasova-1800.jpg
rokkoko,portrait-of-eleonore-louise-albertine-comtesse-von-schlieben-sanditten-freifrau-von-keyserlingk.jpg
rokkoko,portrait-of-fleetwood-hesketh-1769.jpg
rokkoko,portrait-of-fran-oise-marguerite-pouget-1775.jpg
rokkoko,portrait-of-george-prince-of-wales-and-prince-frederick-later-duke-of-york-1778.jpg
rokkoko,portrait-of-grace-dalrymple-elliott.jpg
rokkoko,portrait-of-jean-jacques-rousseau.jpg
rokkoko,portrait-of-khristofor-von-benckendorff-1797.jpg
rokkoko,portrait-of-louis-of-france.jpg
rokkoko,portrait-of-maria-anne-fitzherbert.jpg
rokkoko,portrait-of-maria-palovna-narychkina-1773.jpg
rokkoko,portrait-of-peter-godfrey-of-old-hall-east-bergholt-suffolk.jpg
rokkoko,portrait-of-sophie-marie-gr-fin-voss.jpg
rokkoko,portrait-of-the-artist-s-daughters.jpg
rokkoko,portrait-of-the-dancer-barbara-campanini-aka-la-barbarina.jpg
rokkoko,presentation-in-the-temple-1754.jpg
rokkoko,princess-sophie-dorothea-marie-with-her-husband-frederick-william-margrave-of-brandenburg-1734.jpg
rokkoko,ruins-of-leybourne-castle-kent-from-the-south-west-1737.jpg
rokkoko,ruins-of-the-forum-rome.jpg
rokkoko,saint-george-1760.jpg
rokkoko,saint-jean-baptiste-lemoyne.jpg
rokkoko,samuel-foote-1720-1777-after-joshua-reynolds.jpg
rokkoko,san-marco-square-from-the-clock-tower-facing-the-procuratie-nuove.jpg
rokkoko,scene-carnival-tiepolo1750.jpg
rokkoko,self-portrait-1787.jpg
rokkoko,self-portrait-also-known-as-study-for-the-artist-in-his-museum-1822.jpg
rokkoko,self-portrait.jpg
rokkoko,skating-1792.jpg
rokkoko,st-gregory-distributing-his-worldly-goods-to-the-poor-met-dp836557.jpg
rokkoko,still-life-with-copper-cauldron-and-eggs.jpg
rokkoko,summer-1725.jpg
rokkoko,teti-affida-achille-al-centauro-chirone.jpg
rokkoko,th-1.jpg
rokkoko,the-artist-s-brother-1773.jpg
rokkoko,the-brummell-children-1782.jpg
rokkoko,the-clergy-of-rome-paying-homage-to-st-gregory-after-his-investiture-met-dp836554.jpg
rokkoko,the-dance-1720.jpg
rokkoko,the-death-of-general-wolfe-detail-1.jpg
rokkoko,the-gower-family-the-children-of-granville-2nd-earl-gower-1777.jpg
rokkoko,the-happy-couple.jpg
rokkoko,the-harvest-wagon.jpg
rokkoko,the-honourable-rebecca-clive-1760-1795-mrs-john-robinson.jpg
rokkoko,the-interior-of-the-rotunda-ranelagh-gardens.jpg
rokkoko,the-judgment-of-solomon-1728.jpg
rokkoko,the-murder-of-the-count.jpg
rokkoko,the-nativity-with-god-the-father-and-the-holy-ghost-1740.jpg
rokkoko,the-sermon-of-love.jpg
rokkoko,the-textile-merchant-from-the-chinese-room-in-the-foresteria-1757.jpg
rokkoko,the-tooth-extractor.jpg
rokkoko,va-pc-2007bp1192-001.jpg
rokkoko,venus.jpg
rokkoko,view-of-the-city-saint-quentin-1.jpg
rokkoko,view-of-the-garden-at-belfield-1816.jpg
rokkoko,wanstead-assembly-at-wanstead_-house.jpg
rokkoko,washington-at-dorchester-heights-1806.jpg
rokkoko,william-beckford-1760-1844-1782.jpg
rokkoko,william-charles-macready-1793-1873-as-macbth-from-macbeth-act-ii-scene-2-1821.jpg
rokkoko,william-smith-and-his-grandson-1788.jpg
rokkoko,young-drinkers-after-murillo.jpg
romantik,174134-2-convertimage.jpg
romantik,1821-24-esbozo-de-goya-repasado-por-weiss.JPG
romantik,1821-24-soldado-franc-s.jpg
romantik,2-seated-turk-richard-parkes-bonington.jpg
romantik,2265192364-f9ac29b184-o.jpg
romantik,5.jpg
romantik,51d761ffb7d1e9f5b31d587f19151994.jpg
romantik,800px-rembrandt-peale-rubens-peale-with-a-geranium-google-art-project.jpg
romantik,a-festive-procession-led-by-napoleon-bonaparte-through-the-g-wellcome-v0048290.jpg
romantik,a-gateway-with-two-round-towers-1797.jpg
romantik,a-grey-horse.jpg
romantik,a-grey-stallion-in-a-landscape.jpg
romantik,a-horse-frightened-by-a-lion-1770.jpg
romantik,a-mill-at-gillingham-in-dorset.jpg
romantik,a-stream-bridge-trees-and-two-figures-in-a-landscape.jpg
romantik,a-way-of-flying-1823.jpg
romantik,alonso-king-of-naples-and-another-figure-fragment-of-the-tempest-act-i-scene-1.jpg
romantik,andreas-achenbach-rolandsbogen-1834.jpg
romantik,anne-forbes-artist-1781.jpg
romantik,arthur-wellesley-1st-duke-of-wellington-1817.jpg
romantik,arundel-castle-with-rainbow.jpg
romantik,ascher-metzel-litho.jpg
romantik,asensio-juliá.jpg
romantik,astley-paston-cooper-1828.jpg
romantik,baenkelsaenger.jpg
romantik,benoit-chasseriau-by-th-odore-chasseriau-1832.jpg
romantik,black-joke-engaging-the-spanish-slave-brig-maranerito-in-the-bay-of-biafra-1831.jpg
romantik,boy-sleeping-on-a-grave.jpg
romantik,boys-fishing-1824.jpg
romantik,bravissimo-1799.jpg
romantik,brigand-s-wife-watching-over-her-sleeping-husband-by-l-opold-robert.jpg
romantik,brooke-boothby.jpg
romantik,campagna-di-roma-study-for-aqueduct-near-rome-1832.jpg
romantik,chained-prisoner-1812.jpg
romantik,charles-hurt-of-wirksworth.jpg
romantik,charlet-n-t-watercolor-la-pri-re-la-madonne-bandits-en-pri-re-36-7x28cm.jpg
romantik,charlotte-stanley-countess-of-derby-1810-1.jpg
romantik,coal-cars-1822.jpg
romantik,count-fernand-nunez-vii-1803.jpg
romantik,csm-fh-184-9-wellerthl-scana3-online-80ee15a823-convertimage.jpg
romantik,dido-building-carthage.jpg
romantik,drawing-ave-maria-at-tivoli-1807-08-ch-18329673.jpg
romantik,drawing-salutation-of-a-hermit-1807-08-ch-18329653.jpg
romantik,drawing-the-dancing-bear-1807-08-ch-18329633.jpg
romantik,drawing-vintage-in-the-mountains-near-rome-1807-08-ch-18329621.jpg
romantik,erastus-torrey-by-samuel-finley-breese-morse-1816-oil-on-millboard-hood-museum-of-art-dsc09216.JPG
romantik,eug-ne-delacroix-jeune-orpheline-au-cimeti-re-vers-1824.JPG
romantik,faun-with-a-pipe-1820.jpg
romantik,feminine-folly.jpg
romantik,fog-in-the-elbe-valley-1821.jpg
romantik,frosty-morning.jpg
romantik,george-almar-as-carnaby-cutpurse-in-the-cedar-chest-1834.jpg
romantik,guisborough-priory-yorkshire-1801-1.jpg
romantik,h-vernet-no-l-joseph-madier-de-montjau-s-d.jpg
romantik,heinrich-reinhold-a-view-of-civitella-from-the-serpentara-next-to-olevano-google-art-project.jpg
romantik,hon-margaret-mercer-elphinstone-1813.jpg
romantik,hv1831.jpeg
romantik,indians-hunting-the-bison-plate-31-from-volume-2-of-travels-in-the-interior-of-north-america-1834.jpg
romantik,inquisition-scene-1819.jpg
romantik,john-charles-spencer-3rd-earl-spencer-1832.jpg
romantik,john-frederick-herring-the-suffolk-hunt-the-death-google-art-project.jpg
romantik,john-kirby-1796.jpg
romantik,john-robison.jpg
romantik,kirby-londsale-churchyard.jpg
romantik,koningin-louise-marie-gustaaf-wappers.jpg
romantik,l-arriv-e-des-moissonneurs-dans-les-marais-pontins-par-louis-l-opold-robert.jpg
romantik,lady-anne-torphicen.jpg
romantik,landscape-composition-st-john-in-the-wilderness-1827.jpg
romantik,landscape-with-a-man-washing-his-feet-at-a-fountain-after-poissin-1821.jpg
romantik,leda-and-the-swan.jpg
romantik,lord-and-lady-in-a-phaeton.jpg
romantik,madonna-with-the-child-1809.jpg
romantik,maikov-nicholas-apollonovich-1821.jpg
romantik,margaret-countess-of-blessington-1822.jpg
romantik,mariano-goya.jpg
romantik,matlock-tor-by-daylight.jpg
romantik,matthew-baillie-1806.jpg
romantik,megalith-grave-in-winter-1825.jpg
romantik,milton-when-a-boy-instructed-by-his-mother-1800(1).jpg
romantik,moonrise-on-the-yare-1816.jpg
romantik,morning-in-the-mountains.jpg
romantik,nobody-knows-anybody-1799.jpg
romantik,officer-of-the-chasseurs-charging-on-horseback.jpg
romantik,pandemonium-1.jpg
romantik,peasant-carrying-a-woman.jpg
romantik,pencerrig-1772.jpg
romantik,pinelli.jpg
romantik,plowed-field.jpg
romantik,portrait-ekimov-lazarev-lazarevic-1822.jpg
romantik,portrait-of-a-n-lvov(1).jpg
romantik,portrait-of-a-sister-anna-schwalbe-1807.jpg
romantik,portrait-of-an-italian-composer-muzio-clementi.jpg
romantik,portrait-of-an-unknown-1823.jpg
romantik,portrait-of-an-unknown-woman-in-a-turban-1824.jpg
romantik,portrait-of-colonel-alasdair-mcdonnell-of-glengarry.jpg
romantik,portrait-of-eugene-berny-douville-eugene-delacroix.jpg
romantik,portrait-of-grigory-grigorievich-kushelev-1827-1.jpg
romantik,portrait-of-i-l-lazarev-1822.jpg
romantik,portrait-of-konstantin-batyushkov-1815.jpg
romantik,portrait-of-o-p-ferzen-on-a-donkeyback.jpg
romantik,portrait-of-the-italian-singer-fanny-persiani-tacinardi.jpg
romantik,portrait-of-the-prince-p-scherbatov-1808.jpg
romantik,portrait-of-v-a-perovsky.jpg
romantik,postwick-grove-norwich-1817.jpg
romantik,pretty-teacher-1799.jpg
romantik,prison-scene.jpg
romantik,prospero-and-miranda.jpg
romantik,retrato-equestre-de-carlota-joaquina-of-spain-1830.jpg
romantik,riders-on-a-beach-1835.jpg
romantik,riesengebirge.jpg
romantik,rise-and-fall-1799.jpg
romantik,robert-macqueen-lord-braxfield.jpg
romantik,samuel-morse-sketch-for-the-chapel-of-the-virgin-at-subiaco.jpg
romantik,saverio-della-gatta-napoli-dal-castello-del-carmine.jpg
romantik,scalp-dance-of-the-minatarres-1832.jpg
romantik,shchedrin-veranda.jpg
romantik,sir-herbert-taylor-1833.jpg
romantik,sir-john-edward-swinburne-6th-bt-1821.jpg
romantik,study-of-john-staveley-s-head.jpg
romantik,sylvester-shchedrin-terrace-at-sorrento-wga21179.jpg
romantik,the-bell-inn-1805.jpg
romantik,the-big-connection-channel-at-southall-mill.jpg
romantik,the-blind-guitar-player.jpg
romantik,the-dream-of-queen-katherine(1).jpg
romantik,the-duchess-of-alba-arranging-her-hair-1796.jpg
romantik,the-gleaning-field-1833.jpg
romantik,the-injured-mason-1787.jpg
romantik,the-monk-by-the-sea-caspar-david-friedrich.jpg
romantik,the-roman-campagna-la-cervara-1827.jpg
romantik,the-siege-and-relief-of-gibraltar-1783.jpg
romantik,the-stages-of-life.jpg
romantik,the-white-house-at-chelsea-1800.jpg
romantik,the-wreck-of-a-transport-ship.jpg
romantik,thomas-and-joseph-pickford-as-children-1779.jpg
romantik,three-ciociare-costumes-from-the-papal-states-taking-water-bartolomeo-pinelli.jpg
romantik,truth-has-died-1814.jpg
romantik,tubercio-pérez-cuervo-1820.jpg
romantik,venice-looking-east-from-the-guidecca-sunrise.jpg
romantik,venus-bathing-innocence.jpg
romantik,vesuvius-from-posillipo.jpg
romantik,view-from-the-terrace-of-a-villa-at-niton-isle-of-wight-from-sketches-by-a-lady.jpg
romantik,view-in-north-wales-1820.jpg
romantik,view-of-the-military-telegraph-near-varna-1829.jpg
romantik,wait-till-you-have-been-anointed-1799.jpg
romantik,wall-decoration-detail-1817-1.jpg
romantik,wiliam-bissett-bishop-of-raphoe.jpg
romantik,william-warren-1808.jpg
romantik,woman-with-a-manservant-1827.jpg
romantik,young-italian-at-the-well-c-1833-34.jpg
romantik,young-naiad-tickled-by-the-cupids.jpg
